Default,checkingstatus1,duration,history,purpose,amount,savings,employ,status,others,residence,property,age,otherplans,housing,cards,job,liable,foreign,duration_missing,residence_missing,cards_missing,age_group,debt_duration_ratio
0,0,6.0,4,4,1169,4,4,2,0,4.0,0,67,2,1,2.0,2,1,0,0,0,0,3,167.0
1,1,48.0,2,4,5951,0,2,1,0,2.0,0,22,2,1,1.0,2,1,0,0,0,0,0,121.44897959183673
0,3,12.0,4,7,2096,0,3,2,0,3.0,0,49,2,1,1.0,1,2,0,0,0,0,2,161.23076923076923
0,0,42.0,2,3,7882,0,3,2,2,4.0,1,45,2,2,1.0,2,2,0,0,0,0,1,183.30232558139534
1,0,24.0,3,0,4870,0,2,2,0,4.0,3,53,2,2,2.0,2,2,0,0,0,0,2,194.8
0,3,36.0,2,7,9055,4,2,2,0,4.0,3,35,2,2,1.0,1,2,0,0,0,0,1,244.72972972972974
0,3,24.0,2,3,2835,2,4,2,0,4.0,1,53,2,1,1.0,2,1,0,0,0,0,2,113.4
0,1,36.0,2,1,6948,0,2,2,0,2.0,2,35,2,0,1.0,3,1,0,0,0,0,1,187.78378378378378
0,3,12.0,2,4,3059,3,3,0,0,4.0,0,61,2,1,1.0,1,1,0,0,0,0,3,235.30769230769232
1,1,30.0,4,0,5234,0,0,3,0,2.0,2,28,2,1,2.0,3,1,0,0,0,0,0,168.83870967741936
1,1,12.0,2,0,1295,0,1,1,0,1.0,2,25,2,0,1.0,2,1,0,0,0,0,0,99.61538461538461
1,0,48.0,2,9,4308,0,1,1,0,4.0,1,24,2,0,1.0,2,1,0,0,0,0,0,87.91836734693878
0,1,12.0,2,4,1567,0,2,1,0,1.0,2,22,2,1,1.0,2,1,0,0,0,0,0,120.53846153846153
1,0,24.0,4,0,1199,0,4,2,0,4.0,2,60,2,1,2.0,1,1,0,0,0,0,2,47.96
0,0,15.0,2,0,1403,0,2,1,0,4.0,2,28,2,0,1.0,2,1,0,0,0,0,0,87.6875
1,0,24.0,2,4,1282,1,2,1,0,2.0,2,32,2,1,1.0,1,1,0,0,0,0,1,51.28
0,3,24.0,4,4,2424,4,4,2,0,4.0,1,53,2,1,2.0,2,1,0,0,0,0,2,96.96
0,0,30.0,0,9,8072,4,1,2,0,3.0,2,25,0,1,3.0,2,1,0,0,0,0,0,260.38709677419354
1,1,24.0,2,1,12579,0,4,1,0,2.0,3,44,2,2,1.0,3,1,0,0,0,0,1,503.16
0,3,24.0,2,4,3430,2,4,2,0,2.0,2,31,2,1,1.0,2,2,0,0,0,0,1,137.2
0,3,9.0,4,0,2134,0,2,2,0,4.0,2,48,2,1,3.0,2,1,0,0,0,0,2,213.4
0,0,6.0,2,4,2647,2,2,2,0,3.0,0,44,2,0,1.0,2,2,0,0,0,0,1,378.14285714285717
0,0,10.0,4,0,2241,0,1,2,0,3.0,0,48,2,0,2.0,1,2,1,0,0,0,2,203.72727272727272
0,1,12.0,4,1,1804,1,1,2,0,4.0,1,44,2,1,1.0,2,1,0,0,0,0,1,138.76923076923077
0,3,10.0,4,3,2069,4,2,3,0,1.0,2,26,2,1,2.0,2,1,1,0,0,0,0,188.0909090909091
0,0,6.0,2,3,1374,0,2,2,0,2.0,0,36,0,1,1.0,1,1,0,0,0,0,1,196.28571428571428
0,3,6.0,0,4,426,0,4,3,0,4.0,2,39,2,1,1.0,1,1,0,0,0,0,1,60.857142857142854
0,2,12.0,1,4,409,3,2,1,0,3.0,0,42,2,0,2.0,2,1,0,0,0,0,1,31.46153846153846
0,1,7.0,2,4,2415,0,2,2,2,2.0,0,34,2,1,1.0,2,1,0,0,0,0,1,301.875
1,0,60.0,3,9,6836,0,4,2,0,4.0,3,63,2,1,2.0,2,1,0,0,0,0,3,112.06557377049181
0,1,18.0,2,9,1913,3,1,3,0,3.0,0,36,0,1,1.0,2,1,0,0,0,0,1,100.6842105263158
0,0,24.0,2,3,4020,0,2,2,0,2.0,2,27,1,1,1.0,2,1,0,0,0,0,0,160.8
0,1,18.0,2,0,5866,1,2,2,0,2.0,2,30,2,1,2.0,2,1,0,0,0,0,0,308.7368421052632
0,3,12.0,4,9,1264,4,4,2,0,4.0,3,57,2,0,1.0,1,1,0,0,0,0,2,97.23076923076923
0,2,12.0,2,3,1474,0,1,1,0,1.0,1,33,0,1,1.0,3,1,0,0,0,0,1,113.38461538461539
1,1,45.0,4,4,4746,0,1,2,0,2.0,1,25,2,1,2.0,1,1,0,0,0,0,0,103.17391304347827
0,3,48.0,4,7,6110,0,2,2,0,3.0,3,31,0,2,1.0,2,1,0,0,0,0,1,124.6938775510204
1,2,18.0,2,4,2100,0,2,2,1,2.0,0,37,1,1,1.0,2,1,0,0,0,0,1,110.52631578947368
0,2,10.0,2,5,1225,0,2,2,0,2.0,2,37,2,1,1.0,2,1,0,0,0,0,1,111.36363636363636
0,1,9.0,2,4,458,0,2,2,0,3.0,0,24,2,1,1.0,2,1,0,0,0,0,0,45.8
0,3,30.0,2,4,2333,2,4,2,0,2.0,2,30,0,1,1.0,3,1,0,0,0,0,0,75.25806451612904
0,1,12.0,2,4,1158,2,2,0,0,1.0,2,26,2,1,1.0,2,1,0,0,0,0,0,89.07692307692308
0,1,18.0,3,6,6204,0,2,2,0,4.0,0,44,2,1,1.0,1,2,0,0,0,0,1,326.5263157894737
0,0,30.0,4,1,6187,1,3,3,0,4.0,2,24,2,0,2.0,2,1,0,0,0,0,0,199.58064516129033
1,0,48.0,4,1,6143,0,4,1,0,4.0,3,58,1,2,2.0,1,1,0,0,0,0,2,125.36734693877551
0,3,11.0,4,0,1393,0,1,1,0,4.0,2,35,2,1,2.0,3,1,0,0,0,0,1,116.08333333333333
0,3,36.0,2,4,2299,2,4,2,0,4.0,2,39,2,1,1.0,2,1,0,0,0,0,1,62.13513513513514
0,0,6.0,2,1,1352,2,0,1,0,2.0,1,23,2,0,1.0,0,1,0,0,0,0,0,193.14285714285714
0,3,11.0,4,0,7228,0,2,2,0,4.0,1,39,2,1,2.0,1,1,0,0,0,0,1,602.3333333333334
0,3,12.0,2,4,2073,1,2,1,1,2.0,0,28,2,1,1.0,2,1,0,0,0,0,0,159.46153846153845
0,1,24.0,3,3,2333,4,1,2,0,2.0,1,29,0,1,1.0,1,1,0,0,0,0,0,93.32
0,1,27.0,3,1,5965,0,4,2,0,2.0,2,30,2,1,2.0,3,1,0,0,0,0,0,213.03571428571428
0,3,12.0,2,4,1262,0,2,2,0,2.0,2,25,2,1,1.0,2,1,0,0,0,0,0,97.07692307692308
0,3,18.0,2,1,3378,4,2,2,0,1.0,1,31,2,1,1.0,2,1,0,0,0,0,1,177.78947368421052
1,1,36.0,3,0,2225,0,4,2,0,4.0,3,57,0,2,2.0,2,1,0,0,0,0,2,60.13513513513514
0,3,6.0,1,0,783,4,2,2,2,2.0,0,26,1,1,1.0,1,2,0,0,0,0,0,111.85714285714286
1,1,12.0,2,4,6468,4,0,2,0,1.0,3,52,2,1,1.0,3,1,0,0,0,0,2,497.53846153846155
0,3,36.0,4,4,9566,0,2,1,0,2.0,2,31,1,1,2.0,2,1,0,0,0,0,1,258.5405405405405
0,2,18.0,2,0,1961,0,4,1,0,2.0,2,23,2,1,1.0,3,1,0,0,0,0,0,103.21052631578948
1,0,36.0,4,3,6229,0,1,1,1,4.0,3,23,2,0,2.0,1,1,0,0,0,0,0,168.35135135135135
0,1,9.0,2,9,1391,0,2,3,0,1.0,0,27,0,1,1.0,2,1,0,0,0,0,0,139.1
0,1,15.0,4,4,1537,4,4,2,2,4.0,0,50,2,1,2.0,2,1,0,0,0,0,2,96.0625
1,1,36.0,0,9,1953,0,4,2,0,4.0,3,61,2,2,1.0,3,1,0,0,0,0,3,52.78378378378378
1,1,48.0,0,9,14421,0,2,2,0,2.0,2,25,2,1,1.0,2,1,0,0,0,0,0,294.3061224489796
0,3,24.0,2,4,3181,0,1,1,0,4.0,1,26,2,1,1.0,2,1,0,0,0,0,0,127.24
0,3,27.0,2,6,5190,4,4,2,0,3.0,1,48,2,1,4.0,2,2,0,0,1,0,2,185.35714285714286
0,3,12.0,2,4,2171,0,1,1,0,3.0,2,29,0,1,1.0,2,1,0,0,1,0,0,167.0
0,1,12.0,2,0,1007,3,2,3,0,3.0,0,22,2,1,1.0,2,1,0,0,1,0,0,77.46153846153847
1,3,36.0,2,7,1819,0,2,2,0,3.0,3,37,1,2,1.0,2,1,0,0,1,0,1,49.16216216216216
0,3,36.0,2,4,2394,4,2,1,0,3.0,2,25,2,1,1.0,2,1,0,0,1,0,0,64.70270270270271
0,3,36.0,2,1,8133,0,2,1,0,2.0,1,30,0,1,1.0,2,1,0,0,0,0,0,219.8108108108108
0,3,7.0,4,4,730,4,4,2,0,2.0,1,46,2,0,2.0,1,1,0,0,0,0,2,91.25
0,0,8.0,4,2,1164,0,4,2,0,4.0,3,51,0,2,2.0,3,2,0,0,0,0,2,129.33333333333334
0,1,42.0,4,9,5954,0,3,1,0,1.0,0,41,0,1,2.0,1,1,0,0,0,0,1,138.46511627906978
1,0,36.0,2,7,1977,4,4,2,0,4.0,3,40,2,1,1.0,3,1,0,0,0,0,1,53.432432432432435
0,0,12.0,4,1,1526,0,4,2,0,4.0,3,66,2,2,2.0,3,1,0,0,0,0,3,117.38461538461539
1,0,42.0,2,4,3965,0,1,2,0,3.0,2,34,2,1,1.0,2,1,0,0,0,0,1,92.20930232558139
0,1,11.0,3,4,4771,0,3,2,0,4.0,1,51,2,1,1.0,2,1,0,0,0,0,2,397.5833333333333
0,3,54.0,0,1,9436,4,2,2,0,2.0,1,39,2,1,1.0,1,2,0,0,0,0,1,171.56363636363636
0,1,30.0,2,3,3832,0,1,3,0,1.0,1,22,2,1,1.0,2,1,0,0,0,0,0,123.61290322580645
1,3,24.0,2,4,5943,4,1,1,0,1.0,2,44,2,1,2.0,2,1,0,0,0,0,1,237.72
0,3,15.0,2,4,1213,2,4,2,0,3.0,1,47,1,1,1.0,2,1,0,0,0,0,2,75.8125
0,3,18.0,2,9,1568,1,2,1,0,4.0,1,24,2,0,1.0,1,1,0,0,0,0,0,82.52631578947368
0,0,24.0,2,2,1755,0,4,1,2,4.0,0,58,2,1,1.0,1,1,0,0,0,0,2,70.2
0,0,10.0,2,4,2315,0,4,2,0,4.0,0,52,2,1,1.0,1,1,0,0,0,0,2,210.45454545454547
0,3,12.0,4,9,1412,0,2,1,2,2.0,0,29,2,1,2.0,3,1,0,0,0,0,0,108.61538461538461
0,1,18.0,4,3,1295,0,1,1,0,1.0,1,27,2,1,2.0,2,1,0,0,0,0,0,68.15789473684211
1,1,36.0,2,7,12612,1,2,2,0,4.0,3,47,2,2,1.0,2,2,0,0,0,0,2,340.86486486486484
0,0,18.0,2,0,2249,1,3,2,0,3.0,2,30,2,1,1.0,3,2,0,0,0,0,0,118.36842105263158
1,0,12.0,0,6,1108,0,3,2,0,3.0,0,28,2,1,2.0,2,1,0,0,0,0,0,85.23076923076923
0,3,12.0,4,4,618,0,4,2,0,4.0,0,56,2,1,1.0,2,1,0,0,0,0,2,47.53846153846154
0,0,12.0,4,1,1409,0,4,2,0,3.0,0,54,2,1,1.0,2,1,0,0,0,0,2,108.38461538461539
1,3,12.0,4,4,797,4,4,1,0,3.0,1,33,0,1,1.0,1,2,0,0,0,0,1,61.30769230769231
0,2,24.0,4,3,3617,4,4,2,1,4.0,3,20,2,0,2.0,2,1,0,0,0,0,0,144.68
0,1,12.0,2,0,1318,3,4,2,0,4.0,0,54,2,1,1.0,2,1,0,0,0,0,2,101.38461538461539
1,1,54.0,0,9,15945,0,1,2,0,4.0,3,58,2,0,1.0,2,1,0,0,0,0,2,289.90909090909093
0,3,12.0,4,7,2012,4,3,1,0,2.0,2,61,2,1,1.0,2,1,0,0,0,0,3,154.76923076923077
0,1,18.0,2,9,2622,1,2,2,0,4.0,2,34,2,1,1.0,2,1,0,0,0,0,1,138.0
0,1,36.0,4,4,2337,0,4,2,0,4.0,0,36,2,1,1.0,2,1,0,0,0,0,1,63.16216216216216
0,1,20.0,3,1,7057,4,3,2,0,4.0,1,36,0,0,2.0,3,2,0,0,0,0,1,336.04761904761904
0,3,24.0,2,0,1469,1,4,3,0,4.0,0,41,2,0,1.0,1,1,0,0,0,0,1,58.76
0,1,36.0,2,4,2323,0,3,2,0,4.0,2,24,2,0,1.0,2,1,0,0,0,0,0,62.78378378378378
0,3,6.0,3,4,932,0,2,1,0,2.0,0,24,2,1,1.0,2,1,0,0,0,0,0,133.14285714285714
0,1,9.0,4,3,1919,0,3,2,0,3.0,2,35,2,0,1.0,2,1,0,0,0,0,1,191.9
0,3,12.0,2,1,2445,4,1,3,0,4.0,2,26,2,0,1.0,2,1,0,0,0,0,0,188.07692307692307
1,1,24.0,4,2,11938,0,2,2,1,3.0,2,39,2,1,2.0,3,2,0,0,0,0,1,477.52
1,3,18.0,1,0,6458,0,4,2,0,4.0,3,39,0,1,2.0,3,2,0,0,0,0,1,339.89473684210526
0,1,12.0,2,0,6078,0,3,2,0,2.0,2,32,2,1,1.0,2,1,0,0,0,0,1,467.53846153846155
0,0,24.0,2,3,7721,4,1,1,0,2.0,1,30,2,1,1.0,2,1,1,0,0,0,0,308.84
0,1,14.0,2,9,1410,2,4,3,0,2.0,0,35,2,1,1.0,2,1,0,0,0,0,1,94.0
0,1,6.0,3,9,1449,1,4,0,0,2.0,2,31,0,1,2.0,2,2,0,0,0,0,1,207.0
0,2,15.0,2,7,392,0,1,1,0,4.0,1,23,2,0,1.0,2,1,0,0,0,0,0,24.5
0,1,18.0,2,0,6260,0,3,2,0,3.0,0,28,2,0,1.0,1,1,0,0,0,0,0,329.4736842105263
1,3,36.0,4,0,7855,0,2,1,0,2.0,0,25,1,1,2.0,2,1,0,0,0,0,0,212.2972972972973
0,0,12.0,2,4,1680,2,4,3,0,1.0,0,35,2,1,1.0,2,1,0,0,0,0,1,129.23076923076923
0,3,48.0,4,4,3578,4,4,2,0,1.0,0,47,2,1,1.0,2,1,0,0,0,0,2,73.0204081632653
1,0,42.0,2,4,7174,4,3,1,0,3.0,2,30,2,1,1.0,3,1,0,0,0,0,0,166.8372093023256
0,0,10.0,4,3,2132,4,1,1,1,3.0,0,27,2,0,2.0,2,1,1,0,0,0,0,193.8181818181818
1,0,33.0,4,3,4281,2,2,1,0,4.0,2,23,2,1,2.0,2,1,0,0,0,0,0,125.91176470588235
0,1,12.0,4,0,2366,2,3,0,0,3.0,2,36,2,1,1.0,3,1,0,0,0,0,1,182.0
1,0,21.0,2,4,1835,0,2,1,0,2.0,0,25,2,1,2.0,2,1,0,0,0,0,0,83.4090909090909
0,3,24.0,4,1,3868,0,4,1,0,2.0,2,41,2,0,2.0,3,1,0,0,0,0,1,154.72
0,3,12.0,2,3,1768,0,2,2,0,2.0,0,24,2,0,1.0,1,1,0,0,0,0,0,136.0
0,2,10.0,4,0,781,0,4,2,0,4.0,3,63,2,2,2.0,2,1,0,0,0,0,3,71.0
1,1,18.0,2,3,1924,4,1,1,0,3.0,0,27,2,0,1.0,2,1,0,0,0,0,0,101.26315789473684
0,0,12.0,4,0,2121,0,2,2,0,2.0,1,30,2,1,2.0,2,1,0,0,0,0,0,163.15384615384616
0,0,12.0,2,4,701,0,2,3,0,2.0,0,40,2,1,1.0,1,1,0,0,0,0,1,53.92307692307692
1,1,12.0,2,6,639,0,2,2,0,2.0,2,30,2,1,1.0,2,1,0,0,0,0,0,49.15384615384615
0,1,12.0,4,1,1860,0,0,2,0,2.0,2,34,2,1,2.0,3,1,0,0,0,0,1,143.07692307692307
1,0,12.0,4,0,3499,0,2,1,1,2.0,0,29,2,1,2.0,2,1,0,0,0,0,0,269.15384615384613
0,1,48.0,2,0,8487,4,3,1,0,2.0,2,24,2,1,1.0,2,1,0,0,0,0,0,173.20408163265307
1,0,36.0,3,7,6887,0,2,2,0,3.0,1,29,1,1,1.0,2,1,0,0,1,0,0,186.13513513513513
0,3,15.0,2,3,2708,0,1,2,0,3.0,1,27,0,1,2.0,1,1,0,0,0,0,0,169.25
0,3,18.0,2,3,1984,0,2,2,0,4.0,3,47,0,2,2.0,2,1,0,0,0,0,2,104.42105263157895
0,3,60.0,2,4,10144,1,5,1,0,4.0,0,21,2,1,1.0,2,1,0,0,0,0,0,166.29508196721312
0,3,12.0,4,4,1240,4,4,1,0,2.0,0,38,2,1,2.0,2,1,0,0,0,0,1,95.38461538461539
0,3,27.0,3,1,8613,3,2,2,0,2.0,2,27,2,1,2.0,2,1,0,0,0,0,0,307.60714285714283
1,1,12.0,2,4,766,2,2,2,0,3.0,0,66,2,1,1.0,1,1,0,0,0,0,3,58.92307692307692
0,1,15.0,4,4,2728,4,3,2,2,2.0,0,35,0,1,3.0,2,1,0,0,0,0,1,170.5
0,2,12.0,2,4,1881,0,2,1,0,2.0,2,44,2,0,1.0,1,1,0,0,0,0,1,144.69230769230768
0,2,6.0,2,0,709,3,1,3,0,2.0,0,27,2,1,1.0,0,1,1,0,0,0,0,101.28571428571429
0,1,36.0,2,4,4795,0,1,1,0,1.0,3,30,2,1,1.0,3,1,0,0,0,0,0,129.59459459459458
0,0,27.0,2,4,3416,0,2,2,0,2.0,2,27,2,1,1.0,3,1,0,0,0,0,0,122.0
1,0,18.0,2,3,2462,0,2,2,0,2.0,2,22,2,1,1.0,2,1,0,0,0,0,0,129.57894736842104
0,3,21.0,4,3,2288,0,1,1,0,4.0,1,23,2,1,1.0,2,1,0,0,0,0,0,104.0
0,1,48.0,1,9,3566,1,3,2,0,2.0,2,30,2,1,1.0,2,1,0,0,0,0,0,72.77551020408163
0,0,6.0,4,0,860,0,4,1,0,4.0,3,39,2,1,2.0,2,1,0,0,0,0,1,122.85714285714286
0,3,12.0,4,0,682,1,3,1,0,3.0,2,51,2,1,2.0,2,1,0,0,0,0,2,52.46153846153846
0,0,36.0,4,3,5371,0,2,2,2,2.0,1,28,2,1,2.0,2,1,0,0,0,0,0,145.16216216216216
0,3,18.0,4,4,1582,3,4,2,0,4.0,2,46,2,1,2.0,2,1,0,0,0,0,2,83.26315789473684
0,3,6.0,2,4,1346,1,4,2,0,4.0,3,42,0,2,1.0,2,2,0,0,0,0,1,192.28571428571428
0,3,10.0,2,4,1924,0,2,2,0,4.0,1,38,2,1,1.0,2,1,1,0,0,0,1,174.9090909090909
0,2,36.0,2,4,5848,0,2,2,0,1.0,2,24,2,1,1.0,2,1,0,0,0,0,0,158.05405405405406
0,1,24.0,4,1,7758,3,4,1,0,4.0,3,29,2,0,1.0,2,1,0,0,0,0,0,310.32
0,1,24.0,3,9,6967,1,3,2,0,4.0,2,36,2,0,1.0,3,1,0,0,0,0,1,278.68
1,0,12.0,2,3,1282,0,2,1,0,4.0,2,20,2,0,1.0,2,1,0,0,0,0,0,98.61538461538461
0,0,9.0,4,6,1288,1,4,2,2,4.0,0,48,2,1,2.0,2,2,1,0,0,0,2,128.8
0,0,12.0,1,8,339,0,4,3,0,1.0,2,45,0,1,1.0,1,1,0,0,0,0,1,26.076923076923077
0,1,24.0,2,0,3512,1,3,2,0,3.0,2,38,0,1,2.0,2,1,0,0,0,0,1,140.48
0,3,6.0,4,4,1898,4,2,2,0,2.0,0,34,2,1,2.0,1,2,0,0,0,0,1,271.14285714285717
0,3,24.0,4,4,2872,1,4,2,0,4.0,0,36,2,1,1.0,2,2,0,0,0,0,1,114.88
0,3,18.0,4,0,1055,0,1,1,0,1.0,1,30,2,1,2.0,2,1,0,0,0,0,0,55.526315789473685
0,3,15.0,2,5,1262,2,3,2,0,3.0,1,36,2,1,2.0,2,1,0,0,0,0,1,78.875
0,1,10.0,2,0,7308,0,0,2,0,4.0,3,70,0,2,1.0,3,1,0,0,0,0,3,664.3636363636364
0,3,36.0,2,0,909,2,4,2,0,4.0,1,36,2,1,1.0,2,1,0,0,0,0,1,24.56756756756757
0,3,6.0,2,3,2978,2,2,2,0,2.0,2,32,2,1,1.0,2,1,0,0,0,0,1,425.42857142857144
1,0,18.0,2,3,1131,0,0,1,0,2.0,2,33,2,1,1.0,2,1,0,0,0,0,1,59.526315789473685
0,1,11.0,2,3,1577,3,1,1,0,1.0,0,20,2,1,1.0,2,1,0,0,0,0,0,131.41666666666666
0,3,24.0,2,3,3972,0,3,1,0,4.0,1,25,2,0,1.0,2,1,0,0,0,0,0,158.88
1,1,24.0,4,9,1935,0,4,0,0,4.0,0,31,2,1,2.0,2,1,0,0,0,0,1,77.4
1,0,15.0,0,0,950,0,4,2,0,3.0,2,33,2,0,2.0,2,2,0,0,0,0,1,59.375
0,3,12.0,2,3,763,0,2,1,0,1.0,0,26,2,1,1.0,2,1,0,0,0,0,0,58.69230769230769
1,1,24.0,3,3,2064,0,0,1,0,2.0,1,34,2,1,1.0,3,1,0,0,0,0,1,82.56
0,1,8.0,2,4,1414,0,2,2,2,2.0,0,33,2,1,1.0,2,1,1,0,0,0,1,157.11111111111111
1,0,21.0,3,7,3414,0,1,2,0,1.0,1,26,2,1,2.0,2,1,0,0,0,0,0,155.1818181818182
1,3,30.0,1,1,7485,4,0,1,0,1.0,0,53,0,1,1.0,3,1,0,0,0,0,2,241.4516129032258
0,0,12.0,2,3,2577,0,2,0,0,1.0,2,42,2,1,1.0,2,1,0,0,0,0,1,198.23076923076923
0,0,6.0,4,4,338,2,4,2,0,4.0,2,52,2,1,2.0,2,1,0,0,0,0,2,48.285714285714285
0,3,12.0,2,4,1963,0,3,2,0,2.0,2,31,2,0,2.0,3,2,0,0,0,0,1,151.0
0,0,21.0,4,0,571,0,4,2,0,4.0,0,65,2,1,2.0,2,1,0,0,0,0,3,25.954545454545453
1,3,36.0,3,9,9572,0,1,0,0,1.0,2,28,2,1,2.0,2,1,0,0,0,0,0,258.7027027027027
1,1,36.0,3,9,4455,0,2,0,0,2.0,0,30,1,1,2.0,3,1,0,0,0,0,0,120.4054054054054
1,0,21.0,1,0,1647,4,2,2,0,2.0,1,40,2,1,2.0,1,2,0,0,0,0,1,74.86363636363636
0,3,24.0,4,3,3777,3,2,2,0,4.0,0,50,2,1,1.0,2,1,0,0,0,0,2,151.08
1,1,18.0,4,0,884,0,4,2,0,4.0,2,36,0,1,1.0,2,2,0,0,0,0,1,46.526315789473685
0,3,15.0,4,4,1360,0,2,2,0,2.0,1,31,2,1,2.0,2,1,0,0,0,0,1,85.0
1,1,9.0,1,1,5129,0,4,1,0,4.0,3,74,0,2,1.0,3,2,0,0,0,0,3,512.9
0,1,16.0,4,0,1175,0,0,2,0,3.0,2,68,2,2,3.0,0,1,0,0,0,0,3,69.11764705882354
1,0,12.0,2,4,674,1,3,3,0,1.0,1,20,2,1,1.0,2,1,0,0,0,0,0,51.84615384615385
0,1,18.0,0,3,3244,0,2,1,0,4.0,2,33,0,1,2.0,2,1,0,0,0,0,1,170.73684210526315
1,3,24.0,2,9,4591,3,2,2,0,3.0,1,54,2,1,3.0,3,1,0,0,0,0,2,183.64
1,1,48.0,0,9,3844,1,3,2,0,4.0,3,34,2,2,1.0,1,2,0,0,0,0,1,78.44897959183673
1,1,27.0,2,9,3915,0,2,2,0,2.0,2,36,2,1,1.0,2,2,0,0,0,0,1,139.82142857142858
0,3,6.0,2,4,2108,0,3,3,0,2.0,0,29,2,0,1.0,2,1,0,0,0,0,0,301.14285714285717
1,1,45.0,2,4,3031,1,2,2,2,4.0,1,21,2,0,1.0,2,1,0,0,0,0,0,65.8913043478261
1,1,9.0,4,7,1501,0,4,1,0,3.0,2,34,2,1,2.0,3,1,0,0,0,0,1,150.1
0,3,6.0,4,4,1382,0,2,1,0,1.0,2,28,2,1,2.0,2,1,0,0,0,0,0,197.42857142857142
1,1,12.0,2,3,951,1,1,1,0,4.0,2,27,0,0,4.0,2,1,0,0,0,0,0,73.15384615384616
0,1,24.0,2,1,2760,4,4,2,0,4.0,3,36,0,2,1.0,2,1,0,0,0,0,1,110.4
1,1,18.0,3,3,4297,0,4,0,0,3.0,3,40,2,1,1.0,3,1,0,0,0,0,1,226.1578947368421
0,3,9.0,4,7,936,2,4,2,0,2.0,2,52,2,1,2.0,2,1,0,0,0,0,2,93.6
0,0,12.0,2,0,1168,0,2,3,0,3.0,0,27,2,1,1.0,1,1,0,0,0,0,0,89.84615384615384
0,3,27.0,3,9,5117,0,3,2,0,4.0,2,26,2,1,2.0,2,1,0,0,0,0,0,182.75
1,0,12.0,2,8,902,0,3,3,0,4.0,1,21,2,0,1.0,2,1,0,0,0,0,0,69.38461538461539
0,3,12.0,4,0,1495,0,4,2,0,1.0,0,38,2,1,2.0,1,2,0,0,0,0,1,115.0
0,0,30.0,4,1,10623,0,4,2,0,4.0,3,38,2,2,3.0,3,2,0,0,0,0,1,342.6774193548387
0,3,12.0,4,3,1935,0,4,2,0,4.0,0,43,2,1,3.0,2,1,0,0,0,0,1,148.84615384615384
0,1,12.0,4,5,1424,0,3,2,0,3.0,1,26,2,1,1.0,2,1,0,0,0,0,0,109.53846153846153
0,0,24.0,2,9,6568,0,2,3,0,2.0,2,21,1,1,1.0,1,1,0,0,0,0,0,262.72
0,3,12.0,2,1,1413,3,3,2,0,2.0,1,55,2,1,1.0,2,1,1,0,0,0,2,108.6923076923077
0,3,9.0,4,4,3074,4,2,2,0,2.0,0,33,2,1,2.0,2,2,0,0,0,0,1,307.4
0,3,36.0,2,4,3835,4,4,1,0,4.0,0,45,2,1,1.0,1,1,0,0,0,0,1,103.64864864864865
1,0,27.0,0,9,5293,0,0,2,0,4.0,1,50,1,1,2.0,2,1,0,0,0,0,2,189.03571428571428
1,2,30.0,3,9,1908,0,4,2,0,4.0,0,66,2,1,1.0,3,1,0,0,0,0,3,61.54838709677419
0,3,36.0,4,4,3342,4,4,2,0,2.0,2,51,2,1,1.0,2,1,0,0,0,0,2,90.32432432432432
0,1,6.0,4,8,932,4,3,1,0,3.0,1,39,2,1,2.0,1,1,0,0,0,0,1,133.14285714285714
0,0,18.0,0,9,3104,0,3,2,0,1.0,1,31,0,1,1.0,2,1,0,0,0,0,1,163.3684210526316
0,2,36.0,2,4,3913,0,2,2,0,2.0,0,23,2,1,1.0,2,1,0,0,0,0,0,105.75675675675676
0,0,24.0,2,3,3021,0,2,0,0,2.0,0,24,2,0,1.0,1,1,0,0,0,0,0,120.84
0,3,10.0,2,0,1364,0,2,1,0,4.0,2,64,2,1,1.0,2,1,0,0,0,0,3,124.0
0,1,12.0,2,4,625,0,1,3,2,1.0,0,26,0,1,1.0,1,1,0,0,0,0,0,48.07692307692308
0,0,12.0,2,7,1200,4,2,1,0,4.0,1,23,0,0,1.0,2,1,0,0,0,0,0,92.3076923076923
0,3,12.0,2,4,707,0,2,2,0,2.0,0,30,0,1,2.0,2,1,0,0,0,0,0,54.38461538461539
0,3,24.0,3,9,2978,4,2,2,0,4.0,0,32,2,1,2.0,2,2,0,0,0,0,1,119.12
0,3,15.0,2,1,4657,0,2,2,0,2.0,2,30,2,1,1.0,2,1,0,0,0,0,0,291.0625
0,3,36.0,0,6,2613,0,2,2,0,2.0,2,27,2,1,2.0,2,1,0,0,0,0,0,70.62162162162163
1,1,48.0,2,4,10961,3,3,2,1,2.0,3,27,0,1,2.0,2,1,0,0,0,0,0,223.69387755102042
1,0,12.0,2,3,7865,0,4,2,0,4.0,3,53,2,2,1.0,3,1,0,0,0,0,2,605.0
1,3,9.0,2,4,1478,0,3,2,0,2.0,2,22,2,1,1.0,2,1,0,0,0,0,0,147.8
0,0,24.0,2,3,3149,0,1,2,0,1.0,3,22,0,2,1.0,2,1,0,0,0,0,0,125.96
1,2,36.0,2,4,4210,0,2,2,0,2.0,2,26,2,1,1.0,2,1,0,0,0,0,0,113.78378378378379
0,3,9.0,2,0,2507,2,4,2,0,4.0,3,51,2,2,1.0,1,1,0,0,0,0,2,250.7
0,3,12.0,2,4,2141,1,3,2,0,1.0,3,35,2,1,1.0,2,1,0,0,0,0,1,164.69230769230768
0,1,18.0,2,4,866,0,2,3,2,2.0,0,25,2,1,1.0,1,1,0,0,0,0,0,45.578947368421055
0,3,4.0,4,4,1544,0,3,2,0,1.0,0,42,2,1,3.0,1,2,0,0,0,0,1,308.8
1,0,24.0,2,4,1823,0,0,2,0,2.0,2,30,1,1,1.0,3,2,0,0,0,0,0,72.92
1,1,6.0,2,0,14555,4,0,2,0,2.0,1,23,2,1,1.0,0,1,0,0,0,0,0,2079.285714285714
1,1,21.0,2,9,2767,1,4,0,0,2.0,2,61,0,0,2.0,1,1,0,0,0,0,3,125.77272727272727
0,3,12.0,4,4,1291,0,2,1,0,2.0,1,35,2,1,2.0,2,1,0,0,0,0,1,99.3076923076923
0,0,30.0,2,4,2522,0,4,2,2,3.0,1,39,2,1,1.0,2,2,0,0,0,0,1,81.35483870967742
1,0,24.0,2,0,915,4,4,1,0,2.0,2,29,0,1,1.0,2,1,0,0,0,0,0,36.6
0,3,6.0,2,4,1595,0,3,2,0,2.0,1,51,2,1,1.0,2,2,0,0,0,0,2,227.85714285714286
1,0,48.0,0,1,4605,0,4,2,0,4.0,3,24,2,2,2.0,2,2,0,0,0,0,0,93.9795918367347
0,3,12.0,4,9,1185,0,2,1,0,2.0,0,27,2,1,2.0,2,1,0,0,0,0,0,91.15384615384616
0,3,12.0,1,8,3447,2,2,1,0,3.0,0,35,2,1,1.0,1,2,0,0,0,0,1,265.15384615384613
0,3,24.0,2,9,1258,0,3,2,0,1.0,0,25,2,1,1.0,2,1,0,0,0,0,0,50.32
0,3,12.0,4,4,717,0,4,2,0,4.0,0,52,2,1,3.0,2,1,0,0,0,0,2,55.15384615384615
0,3,6.0,0,0,1204,1,2,2,0,1.0,3,35,0,0,1.0,2,1,1,0,0,0,1,172.0
0,2,24.0,2,3,1925,0,2,2,0,2.0,0,26,2,1,1.0,2,1,0,0,0,0,0,77.0
1,3,18.0,2,4,433,0,0,1,1,4.0,0,22,2,0,1.0,2,1,0,0,0,0,0,22.789473684210527
0,0,6.0,4,0,666,3,3,1,0,4.0,0,39,2,1,2.0,1,1,0,0,0,0,1,95.14285714285714
0,2,12.0,2,3,2251,0,2,1,0,2.0,2,46,2,1,1.0,1,1,0,0,0,0,2,173.15384615384616
1,1,30.0,2,0,2150,0,2,1,2,2.0,3,24,0,1,1.0,2,1,0,0,0,0,0,69.35483870967742
0,3,24.0,3,3,4151,1,2,2,0,3.0,1,35,2,1,2.0,2,1,0,0,0,0,1,166.04
0,1,9.0,2,3,2030,4,3,2,0,1.0,2,24,2,1,1.0,2,1,0,0,0,0,0,203.0
0,1,60.0,3,4,7418,4,2,2,0,1.0,0,27,2,1,1.0,1,1,0,0,0,0,0,121.60655737704919
0,3,24.0,4,4,2684,0,2,2,0,2.0,0,35,2,1,2.0,1,1,0,0,0,0,1,107.36
1,0,12.0,1,4,2149,0,2,0,0,1.0,3,29,2,2,1.0,2,1,0,0,0,0,0,165.30769230769232
0,3,15.0,2,1,3812,1,1,1,0,4.0,2,23,2,1,1.0,2,1,0,0,0,0,0,238.25
0,3,11.0,4,4,1154,1,0,1,0,4.0,0,57,2,1,3.0,1,1,0,0,0,0,2,96.16666666666667
0,0,12.0,2,3,1657,0,2,2,0,2.0,0,27,2,1,1.0,2,1,0,0,0,0,0,127.46153846153847
0,0,24.0,2,4,1603,0,4,1,0,4.0,2,55,2,1,1.0,2,1,0,0,0,0,2,64.12
0,0,18.0,4,0,5302,0,4,2,0,4.0,3,36,2,2,3.0,3,1,0,0,0,0,1,279.05263157894734
0,3,12.0,4,7,2748,0,4,1,0,4.0,3,57,0,2,3.0,1,1,0,0,0,0,2,211.3846153846154
0,3,10.0,4,0,1231,0,4,2,0,4.0,0,32,2,1,2.0,1,2,1,0,0,0,1,111.9090909090909
1,1,15.0,2,4,802,0,4,2,0,3.0,2,37,2,1,1.0,2,2,0,0,0,0,1,50.125
0,3,36.0,4,9,6304,4,4,2,0,4.0,0,36,2,1,2.0,2,1,0,0,0,0,1,170.3783783783784
0,3,24.0,2,4,1533,0,1,1,0,3.0,2,38,1,1,1.0,2,1,0,0,0,0,1,61.32
1,0,14.0,2,0,8978,0,4,0,0,4.0,1,45,2,1,1.0,3,1,1,0,0,0,1,598.5333333333333
0,3,24.0,2,4,999,4,4,2,0,2.0,2,25,2,1,2.0,2,1,0,0,0,0,0,39.96
0,3,18.0,2,0,2662,4,3,2,0,3.0,1,32,2,1,1.0,2,1,1,0,0,0,1,140.10526315789474
0,3,12.0,4,3,1402,2,3,1,0,4.0,2,37,2,0,1.0,2,1,0,0,0,0,1,107.84615384615384
0,1,48.0,1,0,12169,4,0,2,1,4.0,3,36,2,2,1.0,3,1,0,0,0,0,1,248.3469387755102
1,1,48.0,2,4,3060,0,3,2,0,4.0,0,28,2,1,2.0,2,1,0,0,0,0,0,62.44897959183673
1,0,30.0,2,6,11998,0,1,0,0,1.0,3,34,2,1,1.0,1,1,0,0,0,0,1,387.03225806451616
0,3,9.0,2,4,2697,0,2,2,0,2.0,0,32,2,1,1.0,2,2,0,0,0,0,1,269.7
0,3,18.0,4,4,2404,0,2,1,0,2.0,2,26,2,1,2.0,2,1,0,0,0,0,0,126.52631578947368
0,0,12.0,2,3,1262,4,4,0,0,4.0,1,49,2,1,1.0,1,1,0,0,0,0,2,97.07692307692308
1,3,6.0,2,3,4611,0,1,1,0,4.0,1,32,2,1,1.0,2,1,0,0,0,0,1,658.7142857142857
0,3,24.0,2,4,1901,1,2,2,0,4.0,2,29,2,0,1.0,3,1,0,0,0,0,0,76.04
0,3,15.0,4,1,3368,3,4,2,0,4.0,3,23,2,0,2.0,2,1,0,0,0,0,0,210.5
0,3,12.0,2,3,1574,0,2,2,0,2.0,0,50,2,1,1.0,2,1,0,0,0,0,2,121.07692307692308
0,2,18.0,1,4,1445,4,3,2,0,4.0,2,49,0,1,1.0,1,1,0,0,0,0,2,76.05263157894737
0,3,15.0,4,3,1520,4,4,2,0,4.0,1,63,2,1,1.0,2,1,0,0,0,0,3,95.0
0,1,24.0,4,0,3878,1,1,0,0,2.0,2,37,2,1,1.0,2,1,0,0,0,1,1,155.12
0,0,47.0,2,0,10722,0,1,1,0,1.0,0,35,2,1,1.0,1,1,0,0,0,1,1,223.375
0,0,48.0,2,1,4788,0,3,2,0,3.0,1,26,2,1,1.0,2,2,0,0,0,1,0,97.71428571428571
0,1,48.0,3,2,7582,1,0,2,0,4.0,3,31,2,2,1.0,3,1,0,0,0,1,1,154.73469387755102
0,1,12.0,2,4,1092,0,2,1,2,4.0,0,49,2,1,2.0,2,1,0,0,0,0,2,84.0
1,0,24.0,3,4,1024,0,1,3,0,4.0,0,48,1,1,1.0,2,1,0,0,0,0,2,40.96
0,3,12.0,2,9,1076,0,2,3,0,2.0,0,26,2,1,1.0,2,1,1,0,0,0,0,82.76923076923077
1,1,36.0,2,1,9398,0,1,3,0,4.0,2,28,2,0,1.0,3,1,0,0,0,0,0,254.0
0,0,24.0,4,1,6419,0,4,1,0,4.0,3,44,2,2,2.0,3,2,0,0,0,0,1,256.76
0,2,42.0,4,1,4796,0,4,2,0,4.0,3,56,2,2,1.0,2,1,0,0,0,0,2,111.53488372093024
0,3,48.0,4,9,7629,4,4,0,0,2.0,2,46,0,1,2.0,3,2,0,0,0,0,2,155.69387755102042
1,1,48.0,2,3,9960,0,1,1,0,2.0,2,26,2,1,1.0,2,1,0,0,0,0,0,203.26530612244898
0,3,12.0,2,1,4675,4,1,1,0,4.0,2,20,2,0,1.0,2,1,0,0,0,0,0,359.61538461538464
0,3,10.0,2,0,1287,4,4,2,1,2.0,1,45,2,1,1.0,1,1,1,0,0,0,1,117.0
0,3,18.0,2,3,2515,0,2,2,0,4.0,0,43,2,1,1.0,2,1,0,0,0,0,1,132.3684210526316
0,1,21.0,4,3,2745,3,3,2,0,2.0,2,32,2,1,2.0,2,1,0,0,0,0,1,124.77272727272727
0,3,6.0,2,0,672,0,0,1,0,4.0,0,54,2,1,1.0,0,1,0,0,0,0,2,96.0
1,1,36.0,0,4,3804,0,2,1,0,1.0,2,42,2,1,1.0,2,1,0,0,0,0,1,102.8108108108108
1,2,24.0,4,0,1344,4,3,2,0,2.0,0,37,0,1,2.0,1,2,0,0,0,0,1,53.76
0,0,10.0,4,0,1038,0,3,2,1,3.0,1,49,2,1,2.0,2,1,0,0,0,0,2,94.36363636363636
1,3,48.0,4,0,10127,2,2,2,0,2.0,3,44,0,2,1.0,2,1,0,0,0,0,1,206.6734693877551
0,3,6.0,2,3,1543,3,2,0,0,2.0,0,33,2,1,1.0,2,1,0,0,0,0,1,220.42857142857142
0,3,30.0,2,1,4811,4,3,1,0,4.0,1,24,1,0,1.0,1,1,0,0,0,0,0,155.19354838709677
1,0,12.0,2,4,727,1,1,3,0,3.0,3,33,2,1,1.0,1,1,0,0,0,0,1,55.92307692307692
1,1,8.0,2,3,1237,0,2,1,0,4.0,0,24,2,1,1.0,2,1,0,0,0,0,0,137.44444444444446
0,1,9.0,2,0,276,0,2,3,0,4.0,0,22,2,0,1.0,1,1,0,0,0,0,0,27.6
0,1,48.0,2,2,5381,4,0,2,0,4.0,3,40,0,2,1.0,0,1,0,0,0,0,1,109.81632653061224
0,3,24.0,2,3,5511,1,2,2,0,1.0,2,25,1,1,1.0,2,1,0,0,0,0,0,220.44
0,2,24.0,2,3,3749,0,1,1,0,4.0,2,26,2,1,1.0,2,1,0,0,0,0,0,149.96
1,1,12.0,2,0,685,0,3,3,0,3.0,2,25,0,1,1.0,1,1,0,0,0,0,0,52.69230769230769
0,2,4.0,2,0,1494,4,1,2,0,2.0,0,29,2,1,1.0,1,2,1,0,0,0,0,298.8
1,0,36.0,1,3,2746,0,4,2,0,3.0,2,31,0,1,1.0,2,1,0,0,1,0,1,74.21621621621621
0,0,18.0,2,3,708,0,2,2,2,3.0,1,38,2,1,1.0,1,2,0,1,1,0,1,37.26315789473684
0,1,18.0,2,3,4351,4,2,1,0,3.0,1,48,2,1,1.0,1,1,0,1,1,0,2,229.0
0,3,18.0,4,7,701,0,2,2,0,3.0,2,32,2,1,2.0,2,1,0,1,1,0,1,36.89473684210526
0,0,18.0,3,3,3643,0,4,1,0,4.0,1,27,2,1,2.0,1,1,0,1,0,0,0,191.73684210526315
1,1,18.0,4,0,4249,0,0,3,0,2.0,2,28,2,1,2.0,3,1,0,1,0,0,0,223.6315789473684
1,0,24.0,2,4,1938,0,1,0,0,3.0,1,32,2,1,1.0,2,1,0,0,0,0,1,77.52
0,0,24.0,2,1,2910,0,3,2,0,1.0,3,34,2,2,1.0,3,1,0,0,0,0,1,116.4
0,0,18.0,2,3,2659,3,2,2,0,2.0,2,28,2,1,1.0,2,1,0,0,0,0,0,139.94736842105263
0,3,18.0,4,10,1028,0,2,1,0,3.0,0,36,2,1,2.0,2,1,0,0,0,0,1,54.10526315789474
0,0,8.0,4,10,3398,0,3,2,0,4.0,0,39,2,1,2.0,1,1,1,0,0,0,1,377.55555555555554
0,3,12.0,4,10,5801,4,4,2,0,4.0,1,49,2,0,1.0,2,1,0,0,0,0,2,446.2307692307692
0,3,24.0,2,0,1525,3,3,1,0,3.0,2,34,2,1,1.0,2,2,0,0,0,0,1,61.0
0,2,36.0,2,4,4473,0,4,2,0,2.0,2,31,2,1,1.0,2,1,0,0,0,0,1,120.89189189189189
0,1,6.0,2,4,1068,0,4,2,0,4.0,2,28,2,1,1.0,2,2,0,0,0,0,0,152.57142857142858
0,0,24.0,4,1,6615,0,0,2,0,4.0,3,75,2,2,2.0,3,1,0,0,0,0,3,264.6
1,3,18.0,4,7,1864,1,2,1,0,2.0,0,30,2,1,2.0,2,1,0,0,0,0,0,98.10526315789474
1,1,60.0,2,0,7408,1,1,1,0,2.0,1,24,2,1,1.0,3,1,0,0,0,0,0,121.44262295081967
1,3,48.0,4,1,11590,1,2,1,0,4.0,2,24,0,0,2.0,1,1,0,0,0,0,0,236.53061224489795
1,0,24.0,0,3,4110,0,4,2,0,4.0,3,23,0,0,2.0,2,2,0,0,0,0,0,164.4
1,0,6.0,4,3,3384,0,2,0,0,4.0,0,44,2,0,1.0,3,1,0,0,0,0,1,483.42857142857144
0,1,13.0,2,4,2101,0,1,1,2,4.0,1,23,2,1,1.0,1,1,0,0,0,0,0,150.07142857142858
1,0,15.0,2,5,1275,4,2,1,0,2.0,2,24,2,0,1.0,2,1,0,0,0,0,0,79.6875
0,0,24.0,2,3,4169,0,2,2,0,4.0,1,28,2,1,1.0,2,1,0,0,0,0,0,166.76
0,1,10.0,2,3,1521,0,2,0,0,2.0,2,31,2,1,1.0,1,1,0,0,0,0,1,138.27272727272728
0,1,24.0,4,7,5743,0,1,1,0,4.0,3,24,2,2,2.0,2,1,0,0,0,0,0,229.72
0,0,21.0,2,3,3599,0,3,1,0,4.0,2,26,2,0,1.0,1,1,0,0,0,0,0,163.5909090909091
0,1,18.0,2,4,3213,2,1,3,0,3.0,0,25,2,0,1.0,2,1,0,0,0,0,0,169.10526315789474
0,1,18.0,2,9,4439,0,4,2,1,1.0,0,33,0,1,1.0,3,1,0,0,0,0,1,233.6315789473684
0,2,10.0,2,0,3949,0,1,2,2,1.0,1,37,2,1,1.0,1,2,0,0,0,0,1,359.0
0,3,15.0,4,4,1459,0,2,1,0,2.0,2,43,2,1,1.0,1,1,0,0,0,0,1,91.1875
0,1,13.0,4,4,882,0,1,2,2,4.0,0,23,2,1,2.0,2,1,0,0,0,0,0,63.0
0,1,24.0,2,4,3758,2,0,1,0,4.0,3,23,2,0,1.0,0,1,0,0,0,0,0,150.32
0,3,6.0,3,9,1743,1,2,2,0,2.0,0,34,2,1,2.0,1,1,0,0,0,0,1,249.0
1,1,9.0,4,7,1136,3,4,2,0,3.0,3,32,2,2,2.0,2,2,0,0,0,0,1,113.6
0,3,9.0,2,5,1236,0,1,1,0,4.0,0,23,2,0,1.0,2,1,0,0,0,0,0,123.6
1,1,9.0,2,3,959,0,2,1,0,2.0,2,29,2,1,1.0,2,1,1,0,0,0,0,95.9
0,3,18.0,4,1,3229,4,0,2,0,4.0,3,38,2,1,1.0,3,1,0,0,0,0,1,169.94736842105263
1,0,12.0,0,4,6199,0,2,2,0,2.0,1,28,2,0,2.0,2,1,0,0,0,0,0,476.84615384615387
0,3,10.0,2,7,727,2,4,2,0,4.0,3,46,2,2,1.0,2,1,0,0,0,0,2,66.0909090909091
1,1,24.0,2,0,1246,0,1,2,0,2.0,0,23,1,1,1.0,1,1,0,0,0,0,0,49.84
0,3,12.0,4,4,2331,4,4,2,1,4.0,0,49,2,1,1.0,2,1,0,0,0,0,2,179.30769230769232
1,3,36.0,3,4,4463,0,2,2,0,2.0,2,26,2,1,2.0,3,1,0,0,0,0,0,120.62162162162163
0,3,12.0,2,4,776,0,2,3,0,2.0,0,28,2,1,1.0,2,1,0,0,0,0,0,59.69230769230769
1,0,30.0,2,3,2406,0,3,1,0,4.0,0,23,2,0,1.0,2,1,0,0,0,0,0,77.61290322580645
0,1,18.0,2,7,1239,4,2,2,0,4.0,3,61,2,2,1.0,2,1,0,0,0,0,3,65.21052631578948
0,2,12.0,2,4,3399,4,4,2,0,3.0,2,37,2,1,1.0,3,1,0,0,0,0,1,261.46153846153845
0,2,12.0,3,0,2247,0,2,1,0,2.0,2,36,1,1,2.0,2,1,0,0,0,0,1,172.84615384615384
0,3,6.0,2,3,1766,0,2,3,0,2.0,1,21,2,0,1.0,2,1,0,0,0,0,0,252.28571428571428
1,0,18.0,2,3,2473,0,0,2,0,1.0,2,25,2,1,1.0,0,1,0,0,0,0,0,130.1578947368421
0,3,12.0,2,9,1542,0,3,2,0,4.0,2,36,2,1,1.0,2,1,0,0,0,0,1,118.61538461538461
0,3,18.0,4,1,3850,0,3,2,0,1.0,2,27,2,1,2.0,2,1,0,0,0,0,0,202.6315789473684
0,0,18.0,2,3,3650,0,1,1,0,4.0,2,22,2,0,1.0,2,1,0,0,0,0,0,192.10526315789474
1,0,36.0,2,3,3446,0,4,2,0,2.0,2,42,2,1,1.0,2,2,0,0,0,0,1,93.13513513513513
0,1,18.0,2,3,3001,0,3,1,0,4.0,0,40,2,0,1.0,2,1,0,0,0,0,1,157.94736842105263
0,3,36.0,2,0,3079,4,2,2,0,4.0,0,36,2,1,1.0,2,1,0,0,0,0,1,83.21621621621621
0,3,18.0,4,4,6070,0,4,2,0,4.0,2,33,2,1,2.0,2,1,0,0,0,0,1,319.4736842105263
0,3,10.0,4,3,2146,0,1,1,0,3.0,0,23,2,0,2.0,2,1,0,0,0,0,0,195.0909090909091
0,3,60.0,4,0,13756,4,4,2,0,4.0,3,63,0,2,1.0,3,1,0,0,0,0,3,225.50819672131146
1,1,60.0,1,2,14782,1,4,1,0,4.0,3,60,0,2,2.0,3,1,0,0,0,0,2,242.327868852459
1,0,48.0,1,9,7685,0,3,1,2,4.0,2,37,2,0,1.0,2,1,0,0,0,0,1,156.83673469387756
0,3,18.0,3,4,2320,0,0,3,0,3.0,0,34,2,1,2.0,2,1,0,0,0,0,1,122.10526315789474
0,3,7.0,3,4,846,4,4,2,0,4.0,3,36,2,2,1.0,2,1,0,0,0,0,1,105.75
1,1,36.0,2,0,14318,0,4,2,0,2.0,3,57,2,2,1.0,3,1,0,0,0,0,2,386.97297297297297
0,3,6.0,4,0,362,1,2,1,0,4.0,2,52,2,1,2.0,1,1,0,0,0,0,2,51.714285714285715
0,0,20.0,2,3,2212,4,3,2,0,4.0,2,39,2,1,1.0,2,1,0,0,0,0,1,105.33333333333333
1,1,18.0,2,1,12976,0,0,1,0,4.0,3,38,2,2,1.0,3,1,0,0,0,0,1,682.9473684210526
0,3,22.0,2,0,1283,4,3,1,0,4.0,1,25,2,0,1.0,2,1,0,0,0,0,0,55.78260869565217
0,2,12.0,2,0,1330,0,1,2,0,1.0,0,26,2,1,1.0,2,1,0,0,0,0,0,102.3076923076923
0,3,30.0,3,9,4272,1,2,2,0,2.0,1,26,2,1,2.0,1,1,0,0,0,0,0,137.80645161290323
0,3,18.0,4,4,2238,0,2,1,0,1.0,2,25,2,1,2.0,2,1,0,0,0,0,0,117.78947368421052
0,3,18.0,2,4,1126,4,1,1,0,2.0,0,21,2,0,1.0,2,1,0,0,0,0,0,59.26315789473684
0,1,18.0,4,3,7374,0,0,2,0,4.0,1,40,1,1,2.0,3,1,0,0,0,0,1,388.10526315789474
0,1,15.0,4,9,2326,2,2,2,0,4.0,2,27,0,1,1.0,2,1,0,0,0,0,0,145.375
0,3,9.0,2,9,1449,0,3,1,0,2.0,2,27,2,1,2.0,2,1,0,0,0,0,0,144.9
0,3,18.0,2,0,1820,0,2,3,0,2.0,1,30,2,1,1.0,3,1,0,0,0,0,0,95.78947368421052
0,1,12.0,2,3,983,3,1,1,0,4.0,0,19,2,0,1.0,1,1,0,0,0,0,0,75.61538461538461
0,0,36.0,2,0,3249,0,3,2,0,4.0,3,39,0,2,1.0,3,2,0,0,0,0,1,87.8108108108108
0,0,6.0,4,4,1957,0,3,1,0,4.0,2,31,2,1,1.0,2,1,0,0,0,0,1,279.57142857142856
0,3,9.0,4,3,2406,0,0,2,0,3.0,2,31,2,1,1.0,3,1,0,0,0,0,1,240.6
0,1,39.0,3,7,11760,1,3,2,0,3.0,3,32,3,0,1.0,2,1,2,0,0,0,1,294.0
0,0,12.0,2,3,2578,0,0,1,0,4.0,3,55,3,2,1.0,3,1,2,0,0,0,2,198.30769230769232
0,0,36.0,4,3,2348,0,2,3,0,2.0,1,46,3,1,2.0,2,1,2,0,0,0,2,63.45945945945946
1,1,12.0,2,0,1223,0,4,0,0,1.0,0,46,3,0,2.0,2,1,0,0,0,0,2,94.07692307692308
0,3,24.0,4,4,1516,3,2,1,0,1.0,0,43,2,1,2.0,1,1,0,0,0,0,1,60.64
0,3,18.0,2,4,1473,0,1,3,0,4.0,0,39,2,1,1.0,2,1,0,0,0,0,1,77.52631578947368
0,1,18.0,4,9,1887,4,2,3,0,4.0,0,28,0,1,2.0,2,1,0,0,0,0,0,99.3157894736842
1,3,24.0,3,9,8648,0,1,2,0,2.0,2,27,0,1,2.0,2,1,0,0,0,0,0,345.92
0,3,14.0,3,0,802,0,2,2,0,2.0,2,27,2,1,2.0,1,1,0,0,0,0,0,53.46666666666667
0,1,18.0,3,0,2899,4,4,2,0,4.0,2,43,2,1,1.0,2,2,0,0,0,0,1,152.57894736842104
1,1,24.0,2,4,2039,0,1,3,0,1.0,1,22,2,1,1.0,2,1,0,0,0,0,0,81.56
0,3,24.0,4,1,2197,4,3,2,0,4.0,2,43,2,1,2.0,2,2,0,0,0,0,1,87.88
0,0,15.0,2,4,1053,0,1,3,0,2.0,0,27,2,1,1.0,2,1,1,0,0,0,0,65.8125
0,3,24.0,2,4,3235,2,4,0,0,2.0,2,26,2,1,1.0,3,1,0,0,0,0,0,129.4
1,2,12.0,4,0,939,2,3,3,0,2.0,0,28,2,1,3.0,2,1,0,0,0,0,0,72.23076923076923
0,1,24.0,2,4,1967,0,4,1,0,4.0,2,20,2,1,1.0,2,1,0,0,0,0,0,78.68
0,3,33.0,4,1,7253,0,3,2,0,2.0,2,35,2,1,2.0,3,1,0,0,0,0,1,213.3235294117647
1,3,12.0,4,9,2292,0,0,2,0,2.0,2,42,1,1,2.0,3,1,0,0,0,0,1,176.30769230769232
0,3,10.0,2,0,1597,2,2,2,0,2.0,3,40,2,0,1.0,1,2,1,0,0,0,1,145.1818181818182
1,0,24.0,2,0,1381,4,2,1,0,2.0,1,35,2,1,1.0,2,1,0,0,0,0,1,55.24
0,3,36.0,4,1,5842,0,4,2,0,2.0,1,35,2,1,2.0,2,2,0,0,0,0,1,157.8918918918919
1,0,12.0,2,0,2579,0,1,2,0,1.0,0,33,2,1,1.0,1,2,0,0,0,0,1,198.3846153846154
0,0,18.0,3,7,8471,4,2,1,0,2.0,2,23,2,0,2.0,2,1,0,0,0,0,0,445.8421052631579
0,3,21.0,2,0,2782,2,3,1,0,2.0,2,31,0,1,1.0,3,1,0,0,0,0,1,126.45454545454545
1,1,18.0,2,0,1042,4,2,1,0,2.0,1,33,2,1,1.0,2,1,0,0,0,0,1,54.8421052631579
0,3,15.0,2,0,3186,3,3,1,0,3.0,2,20,2,0,1.0,2,1,0,0,0,0,0,199.125
0,1,12.0,2,1,2028,4,2,2,0,2.0,2,30,2,1,1.0,2,1,0,0,0,0,0,156.0
0,1,12.0,4,0,958,0,3,2,0,3.0,0,47,2,1,2.0,1,2,0,0,0,0,2,73.6923076923077
0,3,21.0,3,3,1591,1,3,2,0,3.0,0,34,2,1,2.0,3,1,0,0,0,0,1,72.31818181818181
1,1,12.0,2,3,2762,4,4,1,0,2.0,1,25,0,1,1.0,2,1,0,0,0,0,0,212.46153846153845
0,1,18.0,2,1,2779,0,2,3,0,3.0,2,21,2,0,1.0,2,1,0,0,0,0,0,146.26315789473685
0,3,28.0,4,4,2743,0,4,2,0,2.0,2,29,2,1,2.0,2,1,0,0,0,0,0,94.58620689655173
0,3,18.0,4,4,1149,3,2,2,0,3.0,0,46,2,1,2.0,2,1,0,0,0,0,2,60.473684210526315
0,3,9.0,2,3,1313,0,4,2,0,4.0,2,20,2,1,1.0,2,1,0,0,0,0,0,131.3
1,0,18.0,4,6,1190,0,0,1,0,4.0,3,55,2,2,3.0,0,2,0,0,0,0,2,62.63157894736842
0,3,5.0,2,9,3448,0,3,2,0,4.0,0,74,2,1,1.0,1,1,0,0,0,0,3,574.6666666666666
1,1,24.0,2,2,11328,0,2,2,1,3.0,2,29,0,1,2.0,3,1,0,0,0,0,0,453.12
0,0,6.0,4,3,1872,0,0,2,0,4.0,3,36,2,2,3.0,3,1,0,0,0,0,1,267.42857142857144
0,3,24.0,4,6,2058,0,2,0,0,2.0,0,33,2,1,2.0,2,1,0,0,0,0,1,82.32
0,0,9.0,2,3,2136,0,2,2,0,2.0,0,25,2,1,1.0,2,1,0,0,0,0,0,213.6
1,1,12.0,2,4,1484,4,2,3,0,1.0,0,25,2,1,1.0,2,1,0,0,0,0,0,114.15384615384616
0,3,6.0,2,6,660,2,3,3,0,4.0,0,23,2,0,1.0,1,1,0,0,0,0,0,94.28571428571429
0,3,24.0,4,0,1287,3,4,1,0,4.0,0,37,2,1,2.0,2,1,0,0,0,0,1,51.48
0,0,42.0,4,6,3394,0,0,2,1,4.0,2,65,2,1,2.0,0,1,0,0,0,0,3,78.93023255813954
1,2,12.0,1,9,609,0,1,1,0,1.0,0,26,2,1,1.0,0,1,0,0,0,0,0,46.84615384615385
0,3,12.0,2,0,1884,0,4,2,0,4.0,2,39,2,1,1.0,3,1,0,0,0,0,1,144.92307692307693
0,0,12.0,2,3,1620,0,2,1,1,3.0,1,30,2,1,1.0,2,1,0,0,0,0,0,124.61538461538461
0,1,20.0,3,2,2629,0,2,2,0,3.0,4,29,0,1,2.0,2,1,0,0,0,0,0,125.19047619047619
1,3,12.0,2,7,719,0,4,2,0,4.0,4,41,0,1,1.0,1,2,0,0,0,0,1,55.30769230769231
1,1,48.0,4,3,5096,0,2,1,0,3.0,4,30,2,1,1.0,3,1,0,0,0,0,0,104.0
0,3,9.0,4,7,1244,4,4,1,0,4.0,1,41,2,0,2.0,1,1,0,0,0,0,1,124.4
1,0,36.0,2,0,1842,0,1,1,0,4.0,2,34,2,1,1.0,2,1,0,0,0,0,1,49.78378378378378
0,1,7.0,2,4,2576,0,2,2,2,2.0,0,35,2,1,1.0,2,1,0,0,0,0,1,322.0
0,2,12.0,2,3,1424,4,4,1,0,4.0,0,55,2,1,1.0,3,1,0,0,0,0,2,109.53846153846153
1,1,15.0,3,6,1512,3,2,3,0,3.0,1,61,1,1,2.0,2,1,0,0,0,0,3,94.5
0,3,36.0,4,1,11054,4,2,2,0,2.0,2,30,2,1,1.0,3,1,0,0,0,0,0,298.7567567567568
0,3,6.0,2,4,518,0,2,1,0,1.0,0,29,2,1,1.0,2,1,0,0,0,0,0,74.0
0,3,12.0,0,3,2759,0,4,2,0,4.0,1,34,2,1,2.0,2,1,0,0,0,0,1,212.23076923076923
0,3,24.0,2,1,2670,0,4,2,0,4.0,2,35,2,1,1.0,3,1,0,0,0,0,1,106.8
1,0,24.0,2,0,4817,0,3,2,1,3.0,1,31,2,1,1.0,2,1,0,0,0,0,1,192.68
0,3,24.0,2,1,2679,0,1,1,0,1.0,3,29,2,1,1.0,3,1,0,0,0,0,0,107.16
0,0,11.0,4,0,3905,0,2,4,0,2.0,0,36,2,0,2.0,2,2,0,0,0,0,1,325.4166666666667
1,0,12.0,2,1,3386,0,4,4,0,4.0,3,35,2,2,1.0,2,1,0,0,0,0,1,260.46153846153845
0,0,6.0,2,5,343,0,1,4,0,1.0,0,27,2,1,1.0,2,1,0,0,0,0,0,49.0
0,3,18.0,2,4,4594,0,1,4,0,2.0,2,32,2,1,1.0,2,1,0,0,0,0,1,241.78947368421052
0,0,36.0,2,3,3620,0,2,2,2,2.0,1,37,2,1,1.0,2,2,0,0,0,0,1,97.83783783783784
0,0,15.0,2,0,1721,0,1,2,0,3.0,0,36,2,1,1.0,2,1,0,0,0,0,1,107.5625
0,1,12.0,2,3,3017,0,1,1,0,1.0,0,34,2,0,1.0,3,1,0,0,0,0,1,232.07692307692307
0,1,12.0,2,8,754,4,4,2,0,4.0,1,38,2,1,2.0,2,1,0,0,0,0,1,58.0
0,3,18.0,2,9,1950,0,3,2,0,1.0,2,34,1,1,2.0,2,1,0,0,0,0,1,102.63157894736842
0,0,24.0,2,1,2924,0,2,2,2,4.0,3,63,0,1,1.0,2,2,0,0,0,0,3,116.96
1,0,24.0,3,4,1659,0,1,1,0,2.0,2,29,2,0,1.0,1,1,0,0,0,0,0,66.36
0,3,48.0,3,4,7238,4,4,2,0,3.0,2,32,0,1,2.0,2,2,0,0,0,0,1,147.71428571428572
0,3,33.0,3,9,2764,0,2,1,0,2.0,2,26,2,1,2.0,2,1,0,0,0,0,0,81.29411764705883
0,3,24.0,3,1,4679,0,3,2,0,3.0,2,35,2,1,2.0,1,1,0,0,0,0,1,187.16
1,1,24.0,2,4,3092,1,1,3,0,2.0,2,22,2,0,1.0,2,1,0,0,0,0,0,123.68
1,0,6.0,2,7,448,0,1,1,0,4.0,1,23,2,1,1.0,2,1,0,0,0,0,0,64.0
1,0,9.0,2,0,654,0,2,2,0,3.0,2,28,2,1,1.0,1,1,0,0,0,0,0,65.4
0,3,6.0,2,8,1238,4,0,2,0,4.0,1,36,2,1,1.0,3,2,0,0,0,0,1,176.85714285714286
1,1,18.0,4,4,1245,0,2,3,0,2.0,2,33,2,1,1.0,2,1,0,0,0,0,1,65.52631578947368
1,0,18.0,0,3,3114,0,1,1,0,4.0,1,26,2,0,1.0,2,1,0,0,0,0,0,163.89473684210526
0,3,39.0,2,1,2569,2,2,2,0,4.0,2,24,2,1,1.0,2,1,0,0,0,0,0,64.225
0,2,24.0,2,4,5152,0,3,2,0,2.0,2,25,0,1,1.0,2,1,0,0,0,0,0,206.08
0,1,12.0,2,9,1037,1,3,2,0,4.0,0,39,2,1,1.0,1,1,0,0,0,0,1,79.76923076923077
0,0,15.0,4,3,1478,0,4,2,0,4.0,2,44,2,1,2.0,2,2,0,0,0,0,1,92.375
0,1,12.0,4,4,3573,0,2,1,0,1.0,0,23,2,1,1.0,1,1,0,0,0,0,0,274.84615384615387
0,1,24.0,2,0,1201,0,1,2,0,1.0,1,26,2,1,1.0,2,1,0,0,0,0,0,48.04
0,0,30.0,2,3,3622,3,4,1,0,4.0,1,57,2,0,2.0,2,1,0,0,0,0,2,116.83870967741936
0,3,15.0,3,3,960,3,3,1,0,2.0,1,30,2,1,2.0,2,1,0,0,0,0,0,60.0
0,3,12.0,4,0,1163,2,2,2,0,4.0,0,44,2,1,1.0,2,1,0,0,0,0,1,89.46153846153847
1,1,6.0,3,0,1209,0,0,2,0,4.0,1,47,2,1,1.0,3,1,0,0,0,0,2,172.71428571428572
0,3,12.0,2,4,3077,0,2,2,0,4.0,2,52,2,1,1.0,2,1,0,0,0,0,2,236.69230769230768
0,3,24.0,2,0,3757,0,4,1,1,4.0,3,62,2,2,1.0,2,1,0,0,0,0,3,150.28
0,3,10.0,2,0,1418,1,2,2,0,2.0,0,35,2,0,1.0,1,1,1,0,0,0,1,128.9090909090909
0,3,6.0,2,0,3518,0,2,2,2,3.0,1,26,2,0,1.0,2,1,0,0,0,0,0,502.57142857142856
0,3,12.0,4,4,1934,0,4,2,0,2.0,3,26,2,1,2.0,2,1,0,0,0,0,0,148.76923076923077
1,1,27.0,0,9,8318,0,4,1,0,4.0,3,42,2,2,2.0,3,1,0,0,0,0,1,297.07142857142856
0,3,6.0,4,4,1237,1,2,1,0,1.0,1,27,2,1,2.0,2,1,0,0,0,0,0,176.71428571428572
0,1,6.0,2,4,368,4,4,2,0,4.0,1,38,2,1,1.0,2,1,0,0,0,0,1,52.57142857142857
0,0,12.0,4,0,2122,0,2,2,0,2.0,0,39,2,0,2.0,1,2,1,0,0,0,1,163.23076923076923
1,0,24.0,2,3,2996,4,2,3,0,4.0,2,20,2,1,1.0,2,1,0,0,0,0,0,119.84
1,1,36.0,2,3,9034,1,1,2,1,1.0,3,29,2,0,1.0,3,1,0,0,0,0,0,244.16216216216216
0,3,24.0,4,3,1585,0,3,2,0,3.0,1,40,2,1,2.0,2,1,0,0,0,0,1,63.4
0,1,18.0,2,4,1301,0,4,3,2,2.0,0,32,2,1,1.0,1,1,0,0,0,0,1,68.47368421052632
0,2,6.0,4,0,1323,1,4,0,0,4.0,2,28,2,1,2.0,2,2,0,0,0,0,0,189.0
1,0,24.0,2,0,3123,0,1,1,0,1.0,1,27,2,1,1.0,2,1,0,0,0,0,0,124.92
0,0,36.0,2,1,5493,0,4,2,0,4.0,3,42,2,2,1.0,2,2,0,0,0,0,1,148.45945945945945
0,2,9.0,2,4,1126,1,4,0,0,4.0,0,49,2,1,1.0,2,1,0,0,0,0,2,112.6
1,1,24.0,4,4,1216,1,1,2,0,4.0,3,38,0,1,2.0,2,2,0,0,0,0,1,48.64
1,0,24.0,2,0,1207,0,1,1,0,4.0,1,24,2,0,1.0,2,1,0,0,0,0,0,48.28
1,3,10.0,2,0,1309,4,2,2,2,4.0,1,27,2,1,1.0,1,1,0,0,0,0,0,119.0
0,2,15.0,4,1,2360,2,2,2,0,2.0,2,36,2,1,1.0,2,1,0,0,0,0,1,147.5
1,1,15.0,1,0,6850,1,0,2,0,2.0,1,34,2,1,1.0,3,2,0,0,0,0,1,428.125
0,3,24.0,2,4,1413,0,2,3,0,2.0,1,28,2,1,1.0,2,1,0,0,0,0,0,56.52
0,3,39.0,2,1,8588,1,5,2,0,2.0,2,45,2,1,1.0,3,1,0,0,0,0,1,214.7
1,0,12.0,2,0,759,0,5,2,0,2.0,0,26,2,1,1.0,2,1,0,0,0,0,0,58.38461538461539
0,3,36.0,2,1,4686,0,5,2,0,2.0,3,32,2,2,1.0,3,1,0,0,0,0,1,126.64864864864865
0,2,15.0,2,9,2687,0,5,2,0,4.0,1,26,2,0,1.0,2,1,0,0,0,0,0,167.9375
0,1,12.0,3,4,585,0,2,3,1,4.0,0,20,2,0,2.0,2,1,0,0,0,0,0,45.0
0,3,24.0,2,0,2255,4,1,2,0,1.0,1,54,2,1,1.0,2,1,0,0,0,0,2,90.2
0,0,6.0,4,0,609,0,3,1,0,3.0,1,37,2,1,2.0,2,1,1,0,0,0,1,87.0
0,0,6.0,4,0,1361,0,1,2,0,4.0,0,40,2,1,1.0,1,2,1,0,0,0,1,194.42857142857142
1,3,36.0,4,3,7127,0,1,1,0,4.0,1,23,2,0,2.0,2,1,0,0,0,0,0,192.6216216216216
0,0,6.0,2,0,1203,1,4,2,0,2.0,1,43,2,1,1.0,2,1,0,0,0,0,1,171.85714285714286
0,3,6.0,4,4,700,4,4,2,0,4.0,3,36,2,2,2.0,2,1,0,0,0,0,1,100.0
0,3,24.0,4,6,5507,0,4,2,0,4.0,3,44,2,2,2.0,2,1,0,0,0,0,1,220.28
1,0,18.0,2,4,3190,0,2,1,0,2.0,0,24,2,1,1.0,2,1,0,0,0,0,0,167.89473684210526
1,0,48.0,0,3,7119,0,2,2,0,4.0,3,53,2,2,2.0,2,2,0,0,0,0,2,145.28571428571428
0,3,24.0,2,1,3488,1,3,1,0,4.0,2,23,2,1,1.0,2,1,0,0,0,0,0,139.52
0,1,18.0,2,4,1113,0,2,1,2,4.0,0,26,2,1,1.0,1,2,0,0,0,0,0,58.578947368421055
0,1,26.0,2,1,7966,0,1,2,0,3.0,2,30,2,1,2.0,2,1,0,0,0,0,0,295.037037037037
0,3,15.0,4,7,1532,1,2,1,0,3.0,2,31,2,1,1.0,2,1,0,0,0,0,1,95.75
0,3,4.0,4,4,1503,0,3,2,0,1.0,0,42,2,1,2.0,1,2,0,0,0,0,1,300.6
1,0,36.0,2,4,2302,0,2,0,0,4.0,2,31,2,0,1.0,2,1,0,0,0,0,1,62.21621621621622
0,0,6.0,2,0,662,0,1,2,0,4.0,0,41,2,1,1.0,1,2,0,0,0,0,1,94.57142857142857
0,1,36.0,2,7,2273,0,3,2,0,1.0,2,32,2,1,2.0,2,2,0,0,0,0,1,61.432432432432435
1,1,15.0,2,0,2631,1,2,1,0,4.0,2,28,2,0,2.0,2,1,0,0,0,0,0,164.4375
0,3,12.0,3,1,1503,0,2,3,0,4.0,0,41,2,0,1.0,2,1,0,0,0,0,1,115.61538461538461
0,3,24.0,2,4,1311,1,3,3,0,3.0,1,26,2,1,1.0,2,1,0,0,0,0,0,52.44
0,3,24.0,2,4,3105,4,1,2,0,2.0,2,25,2,1,2.0,2,1,0,0,0,0,0,124.2
1,2,21.0,4,7,2319,0,1,0,0,1.0,2,33,2,0,1.0,2,1,0,0,0,0,1,105.4090909090909
0,0,6.0,2,0,1374,4,0,1,0,3.0,1,75,2,1,1.0,3,1,0,0,0,0,3,196.28571428571428
0,1,18.0,4,3,3612,5,4,1,0,4.0,1,37,2,1,1.0,2,1,0,0,0,0,1,190.10526315789474
1,0,48.0,2,0,7763,5,4,2,0,4.0,3,42,0,2,1.0,3,1,0,0,0,0,1,158.42857142857142
0,2,18.0,2,3,3049,5,1,1,0,1.0,1,45,1,1,1.0,1,1,0,0,0,0,1,160.47368421052633
1,1,12.0,2,4,1534,5,1,3,0,1.0,0,23,2,0,1.0,2,1,0,0,0,0,0,118.0
0,3,24.0,3,0,2032,5,4,2,0,4.0,3,60,2,2,2.0,2,1,0,0,0,0,2,81.28
1,0,30.0,2,3,6350,4,4,2,0,4.0,1,31,2,1,1.0,2,1,0,0,0,0,1,204.83870967741936
1,2,18.0,2,3,2864,0,2,2,0,1.0,0,34,2,1,1.0,1,2,0,0,0,0,1,150.73684210526315
0,3,12.0,4,0,1255,0,4,2,0,4.0,0,61,2,1,2.0,1,1,0,0,0,0,3,96.53846153846153
1,0,24.0,3,0,1333,0,0,2,0,2.0,0,43,2,2,2.0,2,2,0,0,0,0,1,53.32
0,3,24.0,4,0,2022,0,2,1,0,4.0,2,37,2,1,1.0,2,1,0,0,0,0,1,80.88
0,3,24.0,2,4,1552,0,3,2,0,1.0,2,32,0,1,1.0,2,2,0,0,0,0,1,62.08
1,0,12.0,1,4,626,0,2,1,0,4.0,0,24,0,1,1.0,1,1,0,0,0,0,0,48.15384615384615
0,3,48.0,4,1,8858,4,3,2,0,1.0,3,35,2,2,2.0,2,1,0,0,0,0,1,180.77551020408163
0,3,12.0,4,6,996,4,3,1,0,4.0,0,23,2,1,2.0,2,1,0,0,0,0,0,76.61538461538461
0,3,6.0,1,4,1750,2,4,2,0,4.0,1,45,0,1,1.0,1,2,0,0,0,0,1,250.0
1,0,48.0,2,4,6999,0,3,3,2,1.0,0,34,2,1,2.0,2,1,0,0,0,0,1,142.83673469387756
0,1,12.0,4,0,1995,1,1,2,0,1.0,2,27,2,1,1.0,2,1,0,0,0,0,0,153.46153846153845
0,1,9.0,2,7,1199,0,3,1,0,4.0,1,67,2,1,2.0,3,1,0,0,0,0,3,119.9
1,1,12.0,2,4,1331,0,1,2,0,1.0,2,22,1,1,1.0,2,1,0,0,0,0,0,102.38461538461539
1,1,18.0,0,0,2278,1,1,1,0,3.0,2,28,2,1,2.0,2,1,0,0,0,0,0,119.89473684210526
1,3,21.0,0,0,5003,4,2,1,0,4.0,1,29,0,1,2.0,2,1,0,0,0,0,0,227.4090909090909
1,0,24.0,1,3,3552,0,3,2,0,4.0,2,27,0,1,1.0,2,1,0,0,0,0,0,142.08
1,1,18.0,4,3,1928,0,1,2,0,2.0,0,31,2,1,2.0,1,1,0,0,0,0,1,101.47368421052632
0,0,24.0,2,1,2964,4,4,2,0,4.0,3,49,0,2,1.0,2,2,0,0,0,0,2,118.56
1,0,24.0,1,4,1546,0,3,2,2,4.0,2,24,0,0,1.0,1,1,0,0,0,0,0,61.84
0,2,6.0,3,4,683,0,1,1,0,1.0,1,29,0,1,1.0,2,1,0,0,0,0,0,97.57142857142857
1,1,36.0,2,0,12389,4,2,2,0,4.0,3,37,2,2,1.0,2,1,0,0,0,0,1,334.8378378378378
0,1,24.0,3,9,4712,4,2,2,0,2.0,1,37,0,1,2.0,3,1,0,0,0,0,1,188.48
0,1,24.0,3,4,1553,1,3,1,0,2.0,1,23,2,0,2.0,2,1,0,0,0,0,0,62.12
1,0,12.0,2,0,1372,0,3,0,0,3.0,2,36,2,1,1.0,2,1,0,0,0,0,1,105.53846153846153
0,3,24.0,4,4,2578,3,4,2,0,2.0,2,34,2,1,1.0,2,1,0,0,0,0,1,103.12
0,1,48.0,2,4,3979,4,3,2,0,1.0,2,41,2,1,2.0,2,2,0,0,0,0,1,81.20408163265306
1,0,48.0,2,4,6758,0,2,1,0,2.0,2,31,2,1,1.0,2,1,0,0,0,0,1,137.91836734693877
1,0,24.0,2,3,3234,0,1,1,0,4.0,0,23,2,0,1.0,1,1,0,0,0,0,0,129.36
0,3,30.0,4,4,5954,0,3,2,1,2.0,2,38,2,1,1.0,2,1,0,0,0,0,1,192.06451612903226
0,3,24.0,2,1,5433,4,0,1,0,4.0,1,26,2,0,1.0,3,1,0,0,0,0,0,217.32
0,0,15.0,2,9,806,0,2,1,0,4.0,1,22,2,1,1.0,1,1,0,0,0,0,0,50.375
0,1,9.0,2,4,1082,0,4,2,0,4.0,2,27,2,1,2.0,1,1,0,0,0,0,0,108.2
0,3,15.0,4,3,2788,0,3,1,1,3.0,2,24,0,1,2.0,2,1,0,0,0,0,0,174.25
0,1,12.0,2,4,2930,0,3,1,0,1.0,0,27,2,1,1.0,2,1,0,0,0,0,0,225.3846153846154
0,3,24.0,4,7,1927,4,2,1,0,2.0,2,33,2,1,2.0,2,1,0,0,0,0,1,77.08
1,1,36.0,4,0,2820,0,1,0,0,4.0,2,27,2,1,2.0,2,1,0,0,0,0,0,76.21621621621621
0,3,24.0,2,8,937,0,1,3,0,3.0,2,27,2,1,2.0,1,1,0,0,0,0,0,37.48
1,1,18.0,4,0,1056,0,4,2,2,3.0,0,30,0,1,2.0,2,1,0,0,0,0,0,55.578947368421055
0,1,12.0,4,0,3124,0,1,2,0,3.0,0,49,0,1,2.0,1,2,0,0,0,0,2,240.30769230769232
0,3,9.0,2,3,1388,0,2,1,0,2.0,0,26,2,0,1.0,2,1,0,0,0,0,0,138.8
1,1,36.0,2,6,2384,0,1,2,0,1.0,3,33,2,0,1.0,1,1,0,0,0,0,1,64.43243243243244
0,3,12.0,2,0,2133,4,4,1,0,4.0,3,52,2,2,1.0,3,1,0,0,0,0,2,164.07692307692307
1,0,18.0,2,3,2039,5,2,1,0,4.0,0,20,0,0,1.0,2,1,0,0,0,0,0,107.3157894736842
0,0,9.0,4,0,2799,5,2,2,0,2.0,0,36,2,0,2.0,2,2,0,0,0,0,1,279.9
0,0,12.0,2,3,1289,5,2,2,2,1.0,1,21,2,1,1.0,1,1,0,0,0,0,0,99.15384615384616
1,0,18.0,2,5,1217,0,2,3,0,3.0,0,47,2,1,1.0,1,1,0,0,0,0,2,64.05263157894737
1,0,12.0,4,3,2246,0,4,2,0,3.0,1,60,2,1,2.0,2,1,0,0,0,0,2,172.76923076923077
0,0,12.0,4,4,385,0,3,1,0,3.0,0,58,2,1,4.0,1,1,0,0,0,0,2,29.615384615384617
0,1,24.0,3,0,1965,4,2,1,0,4.0,2,42,2,0,2.0,2,1,0,0,0,0,1,78.6
0,3,21.0,2,9,1572,3,4,1,0,4.0,0,36,0,1,1.0,1,1,0,0,0,0,1,71.45454545454545
1,1,24.0,2,0,2718,0,2,1,0,4.0,1,20,2,0,1.0,1,1,0,0,0,0,0,108.72
1,0,24.0,1,2,1358,4,4,2,0,3.0,2,40,1,1,1.0,3,1,0,0,0,0,1,54.32
1,1,6.0,1,0,931,1,1,1,0,1.0,1,32,1,1,1.0,1,1,0,0,0,0,1,133.0
1,0,24.0,2,0,1442,0,3,1,0,4.0,2,23,2,0,2.0,2,1,0,0,0,0,0,57.68
1,1,24.0,0,9,4241,0,2,2,0,4.0,0,36,2,1,3.0,1,1,0,0,0,0,1,169.64
1,3,18.0,4,0,2775,0,3,2,0,2.0,1,31,0,1,2.0,2,1,0,0,0,0,1,146.05263157894737
0,3,24.0,3,9,3863,0,2,2,0,2.0,3,32,2,2,1.0,2,1,0,0,0,0,1,154.52
0,1,7.0,2,4,2329,0,1,1,2,1.0,0,45,2,1,1.0,2,1,0,0,0,0,1,291.125
1,1,9.0,2,3,918,0,2,1,0,1.0,1,30,2,1,1.0,2,1,0,0,0,0,0,91.8
1,1,24.0,1,7,1837,0,3,1,0,4.0,3,34,0,2,1.0,1,1,0,0,0,0,1,73.48
1,3,36.0,2,3,3349,0,2,1,0,2.0,2,28,2,1,1.0,3,1,0,0,0,0,0,90.51351351351352
0,2,10.0,2,3,1275,0,1,1,0,2.0,1,23,2,1,1.0,2,1,0,0,0,0,0,115.9090909090909
0,0,24.0,1,3,2828,2,2,2,0,4.0,0,22,1,1,1.0,2,1,0,0,0,0,0,113.12
0,3,24.0,4,9,4526,0,2,2,0,2.0,0,74,2,1,1.0,3,1,0,0,0,0,3,181.04
1,1,36.0,2,4,2671,1,2,1,1,4.0,3,50,2,2,1.0,2,1,0,0,0,0,2,72.1891891891892
0,3,18.0,2,4,2051,0,1,2,0,1.0,0,33,2,1,1.0,2,1,0,0,0,0,1,107.94736842105263
0,3,15.0,2,1,1300,4,4,2,0,4.0,3,45,0,2,1.0,2,2,0,0,0,0,1,81.25
1,0,12.0,2,5,741,1,0,1,0,3.0,1,22,2,1,1.0,2,1,0,0,0,0,0,57.0
1,2,10.0,2,0,1240,1,4,1,0,4.0,3,48,2,2,1.0,1,2,0,0,0,0,2,112.72727272727273
0,0,21.0,2,4,3357,3,1,1,0,2.0,2,29,0,1,1.0,2,1,0,0,0,0,0,152.5909090909091
0,0,24.0,1,1,3632,0,2,1,2,4.0,2,22,0,0,1.0,2,1,1,0,0,0,0,145.28
1,3,18.0,3,3,1808,0,3,1,0,1.0,0,22,2,1,1.0,2,1,0,0,0,0,0,95.15789473684211
0,1,48.0,0,9,12204,4,2,2,0,2.0,2,48,0,1,1.0,3,1,0,0,0,0,2,249.0612244897959
0,1,60.0,3,4,9157,4,2,2,0,2.0,3,27,2,2,1.0,3,1,0,0,0,0,0,150.11475409836066
0,0,6.0,4,0,3676,0,2,2,0,3.0,0,37,2,0,3.0,2,2,0,0,0,0,1,525.1428571428571
1,1,30.0,2,3,3441,1,2,1,1,4.0,2,21,2,0,1.0,2,1,0,0,0,0,0,111.0
0,3,12.0,2,0,640,0,2,0,0,2.0,0,49,2,1,1.0,1,1,0,0,0,0,2,49.23076923076923
0,1,21.0,4,9,3652,0,3,2,0,3.0,1,27,2,1,2.0,2,1,0,0,0,0,0,166.0
1,3,18.0,4,0,1530,0,2,2,0,2.0,1,32,0,1,2.0,2,1,0,0,0,0,1,80.52631578947368
1,3,48.0,2,9,3914,4,2,0,0,2.0,0,38,0,1,1.0,2,1,0,0,0,0,1,79.87755102040816
0,0,12.0,2,3,1858,0,1,1,0,1.0,2,22,2,0,1.0,2,1,0,0,0,0,0,142.92307692307693
1,0,18.0,2,4,2600,0,2,2,0,4.0,3,65,2,2,2.0,2,1,0,0,0,0,3,136.8421052631579
0,3,15.0,2,4,1979,4,4,2,0,2.0,2,35,2,1,1.0,2,1,0,0,0,0,1,123.6875
0,2,6.0,2,3,2116,0,2,2,0,2.0,0,41,2,1,1.0,2,1,0,0,0,0,1,302.2857142857143
1,1,9.0,1,0,1437,1,3,2,0,3.0,3,29,2,1,1.0,2,1,0,0,0,0,0,143.7
0,3,42.0,4,3,4042,2,2,2,0,4.0,0,36,2,1,2.0,2,1,0,0,0,0,1,94.0
0,3,9.0,2,7,3832,4,4,2,0,4.0,0,64,2,1,1.0,1,1,0,0,0,0,3,383.2
0,0,24.0,2,4,3660,0,2,1,0,4.0,2,28,2,1,1.0,2,1,0,0,0,0,0,146.4
1,0,18.0,1,3,1553,0,2,2,0,3.0,2,44,0,1,1.0,2,1,0,0,0,0,1,81.73684210526316
0,1,15.0,2,4,1444,4,1,2,0,1.0,1,23,2,1,1.0,2,1,0,0,0,0,0,90.25
1,3,9.0,2,3,1980,0,1,1,1,2.0,2,19,2,0,2.0,2,1,0,0,0,0,0,198.0
1,1,24.0,2,0,1355,0,1,1,0,4.0,2,25,2,1,1.0,1,1,0,0,0,0,0,54.2
0,3,12.0,2,7,1393,0,4,2,0,4.0,1,47,0,1,3.0,2,2,0,0,0,0,2,107.15384615384616
0,3,24.0,2,4,1376,2,3,1,0,1.0,2,28,2,1,1.0,2,1,0,0,0,0,0,55.04
0,3,60.0,3,4,15653,0,3,2,0,4.0,2,21,2,1,2.0,2,1,0,0,0,0,0,256.60655737704917
0,3,12.0,2,4,1493,0,1,1,0,3.0,2,34,2,1,1.0,2,2,0,0,0,0,1,114.84615384615384
1,0,42.0,3,4,4370,0,3,2,0,2.0,1,26,0,1,2.0,2,2,0,0,0,0,0,101.62790697674419
1,0,18.0,2,7,750,0,0,1,0,1.0,0,27,2,1,1.0,0,1,0,0,0,0,0,39.473684210526315
0,1,15.0,2,6,1308,0,4,2,0,4.0,2,38,2,1,2.0,1,1,0,0,0,0,1,81.75
1,3,15.0,2,7,4623,1,2,2,0,2.0,1,40,2,1,1.0,3,1,0,0,0,0,1,288.9375
0,3,24.0,4,4,1851,0,3,3,2,2.0,2,33,3,1,2.0,2,1,0,0,0,0,1,74.04
0,0,18.0,4,4,1880,0,3,3,0,1.0,1,32,3,1,2.0,3,1,0,0,0,0,1,98.94736842105263
1,3,36.0,3,9,7980,4,1,2,0,4.0,2,27,3,0,2.0,2,1,0,0,0,0,0,215.67567567567568
0,0,30.0,0,3,4583,0,2,0,2,2.0,0,32,2,1,2.0,2,1,0,0,0,0,1,147.83870967741936
1,3,12.0,2,0,1386,2,2,1,0,3.0,1,26,2,1,1.0,2,1,0,0,1,0,0,106.61538461538461
1,2,24.0,2,0,947,0,3,2,0,3.0,3,38,0,2,1.0,2,2,0,0,1,0,1,37.88
1,0,12.0,2,7,684,0,2,2,0,3.0,2,40,2,0,1.0,1,2,0,0,1,0,1,52.61538461538461
0,0,48.0,2,7,7476,0,3,2,0,1.0,3,50,2,2,1.0,3,1,0,0,0,0,2,152.57142857142858
1,1,12.0,2,3,1922,0,2,2,0,2.0,1,37,2,1,1.0,1,1,0,0,0,0,1,147.84615384615384
1,0,24.0,2,0,2303,0,4,2,1,1.0,0,45,2,1,1.0,2,1,0,0,0,0,1,92.12
1,1,36.0,3,0,8086,1,4,2,0,4.0,2,42,2,1,4.0,3,1,0,0,0,0,1,218.54054054054055
0,3,24.0,4,1,2346,0,3,2,0,3.0,2,35,2,1,2.0,2,1,0,0,0,0,1,93.84
0,0,14.0,2,0,3973,0,0,2,0,4.0,3,22,2,2,1.0,2,1,0,0,0,0,0,264.8666666666667
1,1,12.0,2,0,888,0,4,2,0,4.0,2,41,0,1,1.0,1,2,0,0,0,0,1,68.3076923076923
0,3,48.0,2,4,10222,4,3,2,0,3.0,2,37,1,1,1.0,2,1,0,0,0,0,1,208.6122448979592
0,1,30.0,0,9,4221,0,2,1,0,1.0,2,28,2,1,2.0,2,1,0,0,0,0,0,136.16129032258064
0,1,18.0,4,3,6361,0,4,2,0,1.0,3,41,2,1,1.0,2,1,0,0,0,0,1,334.7894736842105
0,2,12.0,2,4,1297,0,2,3,0,4.0,0,23,2,0,1.0,2,1,0,0,0,0,0,99.76923076923077
1,0,12.0,2,0,900,4,2,3,0,2.0,2,23,2,1,1.0,2,1,0,0,0,0,0,69.23076923076923
0,3,21.0,2,3,2241,0,4,2,0,2.0,0,50,2,1,2.0,2,1,0,0,0,0,2,101.86363636363636
0,1,6.0,3,3,1050,0,0,2,0,1.0,1,35,1,1,2.0,3,1,0,0,0,0,1,150.0
0,2,6.0,4,7,1047,0,2,1,0,4.0,1,50,2,1,1.0,1,1,0,0,0,0,2,149.57142857142858
0,3,24.0,4,2,6314,0,0,2,1,2.0,3,27,0,1,2.0,3,1,0,0,0,0,0,252.56
0,1,30.0,1,3,3496,3,2,4,0,2.0,2,34,1,1,1.0,2,2,0,0,0,0,1,112.7741935483871
0,3,48.0,1,9,3609,0,2,4,0,1.0,0,27,1,1,1.0,2,1,0,0,0,0,0,73.65306122448979
1,0,12.0,4,0,4843,0,4,4,1,4.0,1,43,2,0,2.0,2,1,0,0,0,0,1,372.53846153846155
0,2,30.0,4,4,3017,0,4,2,0,4.0,1,47,2,1,1.0,2,1,0,0,0,0,2,97.3225806451613
0,3,24.0,4,9,4139,1,2,2,0,3.0,1,27,2,1,2.0,1,1,0,0,0,0,0,165.56
0,3,36.0,2,9,5742,1,3,2,0,2.0,2,31,2,1,2.0,2,1,0,0,0,0,1,155.1891891891892
0,3,60.0,2,0,10366,0,4,2,0,4.0,1,42,2,1,1.0,3,1,0,0,0,0,1,169.9344262295082
0,3,6.0,4,0,2080,2,2,3,0,2.0,2,24,2,1,1.0,2,1,0,0,0,0,0,297.14285714285717
1,3,21.0,3,9,2580,2,1,2,0,2.0,0,41,0,1,1.0,1,2,0,0,0,0,1,117.27272727272727
0,3,30.0,4,4,4530,0,3,1,0,4.0,2,26,2,0,1.0,3,1,0,0,0,0,0,146.1290322580645
0,3,24.0,4,3,5150,0,4,2,0,4.0,2,33,2,1,1.0,2,1,0,0,0,0,1,206.0
1,1,72.0,2,4,5595,1,2,3,0,2.0,2,24,2,1,1.0,2,1,0,0,0,0,0,76.64383561643835
0,0,24.0,2,4,2384,0,4,2,0,4.0,0,64,0,0,1.0,1,1,0,0,0,0,3,95.36
0,3,18.0,2,4,1453,0,1,1,0,1.0,0,26,2,1,1.0,2,1,0,0,0,0,0,76.47368421052632
0,3,6.0,2,7,1538,0,1,1,0,2.0,3,56,2,1,1.0,2,1,0,0,0,0,2,219.71428571428572
0,3,12.0,2,4,2279,4,2,2,0,4.0,3,37,2,2,1.0,2,1,0,0,0,0,1,175.30769230769232
0,3,15.0,3,4,1478,0,2,3,0,3.0,0,33,0,1,2.0,2,1,0,0,0,0,1,92.375
0,3,24.0,4,4,5103,0,1,3,0,3.0,3,47,2,2,3.0,2,1,0,0,0,0,2,204.12
0,1,36.0,3,9,9857,1,3,2,0,3.0,1,31,2,1,2.0,1,2,0,0,0,0,1,266.4054054054054
0,3,60.0,2,0,6527,4,2,2,0,4.0,3,34,2,2,1.0,2,2,0,0,0,0,1,107.0
0,2,10.0,4,4,1347,4,3,2,0,2.0,1,27,2,1,2.0,2,1,0,0,0,0,0,122.45454545454545
0,1,36.0,3,0,2862,1,4,2,0,3.0,3,30,2,2,1.0,2,1,0,0,0,0,0,77.35135135135135
0,3,9.0,2,4,2753,1,4,2,1,4.0,2,35,2,1,1.0,2,1,0,0,0,0,1,275.3
0,0,12.0,2,0,3651,3,2,2,0,3.0,1,31,2,1,1.0,2,2,0,0,0,0,1,280.84615384615387
0,0,15.0,4,3,975,0,2,0,0,3.0,1,25,2,1,2.0,2,1,0,0,0,0,0,60.9375
0,1,15.0,2,6,2631,1,2,1,0,2.0,0,25,2,1,1.0,1,1,0,0,0,0,0,164.4375
0,1,24.0,2,4,2896,1,1,2,0,1.0,2,29,2,1,1.0,2,1,0,0,0,0,0,115.84
0,0,6.0,4,0,4716,4,1,2,0,3.0,0,44,2,1,2.0,1,2,0,0,0,0,1,673.7142857142857
0,3,24.0,2,4,2284,0,3,2,0,2.0,2,28,2,1,1.0,2,1,0,0,0,0,0,91.36
0,3,6.0,2,1,1236,2,2,2,0,4.0,1,50,2,0,1.0,2,1,0,0,0,0,2,176.57142857142858
0,1,12.0,2,4,1103,0,3,2,2,3.0,0,29,2,1,2.0,2,1,1,0,0,0,0,84.84615384615384
0,3,12.0,4,0,926,0,0,1,0,2.0,1,38,2,1,1.0,0,1,0,0,0,0,1,71.23076923076923
0,3,18.0,4,4,1800,0,2,2,0,2.0,2,24,2,1,2.0,2,1,0,0,0,0,0,94.73684210526316
0,2,15.0,2,7,1905,0,4,2,0,4.0,2,40,2,0,1.0,3,1,0,0,0,0,1,119.0625
1,3,12.0,2,3,1123,2,2,1,0,4.0,2,29,2,0,1.0,1,1,0,0,0,0,0,86.38461538461539
1,0,48.0,4,1,6331,0,4,2,0,4.0,3,46,2,2,2.0,2,1,0,0,0,0,2,129.20408163265307
0,2,24.0,2,4,1377,1,4,1,0,2.0,3,47,2,2,1.0,2,1,0,0,0,0,2,55.08
0,1,30.0,3,9,2503,1,4,2,0,2.0,1,41,1,1,2.0,2,1,0,0,0,0,1,80.74193548387096
0,1,27.0,2,9,2528,0,1,1,0,1.0,1,32,2,1,1.0,2,2,0,0,0,0,1,90.28571428571429
0,3,15.0,2,0,5324,2,4,1,0,4.0,3,35,2,2,1.0,2,1,0,0,0,0,1,332.75
1,1,48.0,2,0,6560,1,3,2,0,2.0,1,24,2,1,1.0,2,1,0,0,0,0,0,133.87755102040816
1,1,12.0,0,3,2969,0,1,1,0,3.0,1,25,2,0,2.0,2,1,0,0,0,0,0,228.3846153846154
0,1,9.0,2,4,1206,0,4,1,0,4.0,0,25,2,1,1.0,2,1,0,0,0,0,0,120.6
0,1,9.0,2,4,2118,0,2,4,0,2.0,0,37,2,1,1.0,1,2,0,0,0,0,1,211.8
0,3,18.0,4,4,629,2,4,4,0,3.0,1,32,0,1,2.0,3,1,0,0,0,0,1,33.10526315789474
1,0,6.0,1,7,1198,0,4,4,0,4.0,3,35,2,2,1.0,2,1,0,0,0,0,1,171.14285714285714
0,3,21.0,2,1,2476,4,4,4,0,4.0,0,46,2,1,1.0,3,1,0,0,0,0,2,112.54545454545455
0,0,9.0,4,4,1138,0,2,2,0,4.0,0,25,2,1,2.0,1,1,0,0,0,0,0,113.8
1,1,60.0,2,0,14027,0,3,2,0,2.0,3,27,2,1,1.0,3,1,0,0,0,0,0,229.95081967213116
0,3,30.0,4,1,7596,4,4,2,0,4.0,2,63,2,1,2.0,2,1,0,0,0,0,3,245.03225806451613
0,3,30.0,4,4,3077,4,4,2,0,2.0,2,40,2,1,2.0,2,2,0,0,0,0,1,99.25806451612904
0,3,18.0,2,4,1505,0,2,2,0,2.0,3,32,2,2,1.0,3,1,0,0,0,0,1,79.21052631578948
0,2,24.0,4,4,3148,4,2,2,0,2.0,2,31,2,1,2.0,2,1,0,0,0,0,1,125.92
0,1,20.0,0,1,6148,1,4,3,0,4.0,2,31,0,1,2.0,2,1,0,0,0,0,1,292.76190476190476
1,2,9.0,0,4,1337,0,1,2,0,2.0,2,34,2,1,2.0,3,1,0,0,0,0,1,133.7
1,1,6.0,1,7,433,3,1,1,0,2.0,1,24,0,0,1.0,2,2,0,0,0,0,0,61.857142857142854
1,0,12.0,2,0,1228,0,2,1,0,2.0,0,24,2,1,1.0,1,1,0,0,0,0,0,94.46153846153847
0,1,9.0,2,4,790,2,2,1,0,3.0,0,66,2,1,1.0,1,1,0,0,0,0,3,79.0
1,3,27.0,2,0,2570,0,2,1,0,3.0,0,21,2,0,1.0,2,1,0,0,0,0,0,91.78571428571429
0,3,6.0,4,0,250,3,2,1,0,2.0,0,41,0,1,2.0,1,1,0,0,0,0,1,35.714285714285715
0,3,15.0,4,4,1316,2,2,3,0,2.0,1,47,2,1,2.0,1,1,0,0,0,0,2,82.25
1,0,18.0,2,4,1882,0,2,1,0,4.0,2,25,0,0,2.0,2,1,0,0,0,0,0,99.05263157894737
1,1,48.0,1,9,6416,0,4,1,0,3.0,3,59,2,0,1.0,2,1,0,0,0,0,2,130.9387755102041
0,2,24.0,4,9,1275,3,2,0,0,4.0,0,36,2,1,2.0,2,1,0,0,0,0,1,51.0
0,1,24.0,3,4,6403,0,1,2,0,2.0,2,33,2,1,1.0,2,1,0,0,0,0,1,256.12
1,0,24.0,2,4,1987,0,2,2,0,4.0,0,21,2,0,1.0,1,2,0,0,0,0,0,79.48
0,1,8.0,2,4,760,0,3,1,2,2.0,0,44,2,1,1.0,1,1,0,0,0,0,1,84.44444444444444
0,3,24.0,2,1,2603,3,2,1,0,4.0,2,28,2,0,1.0,2,1,0,0,0,0,0,104.12
0,3,4.0,4,0,3380,0,3,1,0,1.0,0,37,2,1,1.0,2,2,0,0,0,0,1,676.0
0,1,36.0,1,5,3990,4,1,1,0,2.0,3,29,0,1,1.0,0,1,0,0,0,0,0,107.83783783783784
1,1,24.0,2,1,11560,0,2,1,0,4.0,2,23,2,0,2.0,3,1,0,0,0,0,0,462.4
0,0,18.0,2,0,4380,1,2,2,0,4.0,2,35,2,1,1.0,1,2,0,0,0,0,1,230.52631578947367
0,3,6.0,4,0,6761,0,3,2,0,3.0,3,45,2,1,2.0,3,2,0,0,0,0,1,965.8571428571429
1,1,30.0,0,9,4280,1,2,1,0,4.0,2,26,2,0,2.0,1,1,0,0,0,0,0,138.06451612903226
0,0,24.0,1,0,2325,1,3,2,0,3.0,2,32,0,1,1.0,2,1,0,0,0,0,1,93.0
0,1,10.0,1,4,1048,0,2,2,0,4.0,0,23,1,1,1.0,1,1,0,0,0,0,0,95.27272727272727
0,3,21.0,2,4,3160,4,4,2,0,3.0,1,41,2,1,1.0,2,1,0,0,0,0,1,143.63636363636363
0,0,24.0,1,3,2483,2,2,2,0,4.0,0,22,1,1,1.0,2,1,0,0,0,0,0,99.32
0,0,39.0,4,3,14179,4,3,2,0,4.0,1,30,2,1,2.0,3,1,0,0,0,0,0,354.475
0,0,13.0,4,9,1797,0,1,2,0,1.0,1,28,0,1,2.0,1,1,0,0,0,0,0,128.35714285714286
0,0,15.0,2,0,2511,0,0,1,0,4.0,2,23,2,0,1.0,2,1,0,0,0,0,0,156.9375
1,0,12.0,2,0,1274,0,1,1,0,1.0,0,37,2,1,1.0,1,1,0,0,0,0,1,98.0
0,3,21.0,2,1,5248,4,2,2,0,3.0,2,26,2,1,1.0,2,1,0,0,0,0,0,238.54545454545453
0,3,15.0,2,1,3029,0,3,2,0,2.0,2,33,2,1,1.0,2,1,0,0,0,0,1,189.3125
0,0,6.0,2,3,428,0,4,1,0,1.0,1,49,0,1,1.0,2,1,0,0,0,0,2,61.142857142857146
1,0,18.0,2,0,976,0,1,1,0,2.0,2,23,2,1,1.0,1,1,0,0,0,0,0,51.36842105263158
0,1,12.0,2,9,841,1,3,1,0,4.0,0,23,2,0,1.0,1,1,0,0,0,0,0,64.6923076923077
0,3,30.0,4,4,5771,0,3,1,0,2.0,2,25,2,1,2.0,2,1,0,0,0,0,0,186.16129032258064
1,3,12.0,3,6,1555,3,4,2,0,4.0,3,55,2,2,2.0,2,2,0,0,0,0,2,119.61538461538461
1,0,24.0,2,0,1285,4,3,1,0,4.0,3,32,2,0,1.0,2,1,0,0,0,0,1,51.4
0,2,6.0,4,0,1299,0,2,2,0,1.0,0,74,2,1,3.0,0,2,1,0,0,0,3,185.57142857142858
1,2,15.0,4,4,1271,4,2,2,0,4.0,3,39,2,2,2.0,2,1,0,0,0,0,1,79.4375
0,3,24.0,2,0,1393,0,2,2,2,2.0,0,31,2,1,1.0,2,1,0,0,0,0,1,55.72
1,0,12.0,4,0,691,0,4,2,0,3.0,1,35,2,1,2.0,2,1,0,0,0,0,1,53.15384615384615
0,3,15.0,4,0,5045,4,4,1,0,4.0,2,59,2,1,1.0,2,1,0,0,0,0,2,315.3125
1,0,18.0,4,3,2124,0,2,1,0,4.0,0,24,2,0,2.0,2,1,0,0,0,0,0,111.78947368421052
0,0,12.0,2,4,2214,0,2,2,0,3.0,1,24,2,1,1.0,1,1,0,0,0,0,0,170.30769230769232
1,3,21.0,4,0,12680,4,4,2,0,4.0,3,30,2,2,1.0,3,1,0,0,0,0,0,576.3636363636364
0,3,24.0,4,0,2463,1,3,3,0,3.0,1,27,2,1,2.0,2,1,0,0,0,0,0,98.52
0,1,12.0,2,4,1155,0,4,3,2,3.0,0,40,0,1,2.0,1,1,0,0,0,0,1,88.84615384615384
1,0,30.0,2,3,3108,0,1,0,0,4.0,1,31,2,1,1.0,1,1,0,0,0,0,1,100.25806451612904
0,3,10.0,2,1,2901,4,1,1,0,4.0,0,31,2,0,1.0,2,1,0,0,0,0,1,263.72727272727275
0,1,12.0,4,3,3617,0,4,2,0,4.0,2,28,2,0,3.0,2,1,0,0,0,0,0,278.2307692307692
0,3,12.0,4,4,1655,0,4,2,0,4.0,0,63,2,1,2.0,1,1,0,0,0,0,3,127.3076923076923
0,0,24.0,2,1,2812,4,4,1,0,4.0,0,26,2,0,1.0,2,1,0,0,0,0,0,112.48
1,0,36.0,4,7,8065,0,2,1,0,2.0,3,25,2,1,2.0,3,1,0,0,0,0,0,217.97297297297297
0,3,21.0,4,1,3275,0,4,2,0,4.0,2,36,2,1,1.0,3,1,0,0,0,0,1,148.86363636363637
0,3,24.0,4,4,2223,1,4,2,0,4.0,1,52,0,1,2.0,2,1,0,0,0,0,2,88.92
0,2,12.0,4,0,1480,2,0,2,0,4.0,3,66,0,2,3.0,0,1,0,0,0,0,3,113.84615384615384
1,0,24.0,2,0,1371,4,2,1,0,4.0,0,25,2,0,1.0,2,1,0,0,0,0,0,54.84
0,3,36.0,4,0,3535,0,3,2,0,4.0,2,37,2,1,2.0,2,1,0,0,0,0,1,95.54054054054055
0,0,18.0,2,4,3509,0,3,1,2,1.0,0,25,2,1,1.0,2,1,0,0,0,0,0,184.68421052631578
0,3,36.0,4,1,5711,3,4,2,0,2.0,2,38,2,1,2.0,3,1,0,0,0,0,1,154.35135135135135
0,1,18.0,2,6,3872,0,0,1,0,4.0,2,67,2,1,1.0,2,1,0,0,0,0,3,203.78947368421052
1,1,39.0,4,4,4933,0,3,2,2,2.0,0,25,2,1,2.0,2,1,0,0,0,0,0,123.325
0,3,24.0,4,0,1940,3,4,2,0,4.0,0,60,2,1,1.0,2,1,0,0,0,0,2,77.6
0,1,12.0,0,8,1410,0,2,2,0,2.0,0,31,2,1,1.0,1,1,0,0,0,0,1,108.46153846153847
1,1,12.0,2,0,836,1,1,4,0,2.0,1,23,0,1,1.0,1,1,0,0,0,0,0,64.3076923076923
0,1,20.0,2,1,6468,4,0,4,0,4.0,0,60,2,1,1.0,3,1,0,0,0,0,2,308.0
0,1,18.0,2,9,1941,3,2,4,0,2.0,1,35,2,1,1.0,1,1,0,0,0,0,1,102.15789473684211
0,3,22.0,2,4,2675,2,4,4,0,4.0,2,40,2,1,1.0,2,1,0,0,0,0,1,116.30434782608695
0,3,48.0,4,1,2751,4,4,2,0,3.0,2,38,2,1,2.0,2,2,0,0,0,0,1,56.142857142857146
1,1,48.0,3,7,6224,0,4,2,0,4.0,3,50,2,2,1.0,2,1,0,0,0,0,2,127.0204081632653
1,0,40.0,4,7,5998,0,2,2,0,3.0,3,27,0,1,1.0,2,1,0,0,0,0,0,146.29268292682926
1,1,21.0,2,9,1188,0,4,1,0,4.0,1,39,2,1,1.0,2,2,0,0,0,0,1,54.0
0,3,24.0,2,1,6313,4,4,2,0,4.0,2,41,2,1,1.0,3,2,0,0,0,0,1,252.52
0,3,6.0,4,3,1221,4,2,3,0,2.0,1,27,2,1,2.0,2,1,0,0,0,0,0,174.42857142857142
0,2,24.0,2,3,2892,0,4,0,0,4.0,3,51,2,2,1.0,2,1,0,0,0,0,2,115.68
0,3,24.0,2,3,3062,2,4,2,0,3.0,3,32,2,0,1.0,2,1,0,0,0,0,1,122.48
0,3,9.0,2,3,2301,1,1,1,0,4.0,1,22,2,0,1.0,2,1,0,0,0,0,0,230.1
1,0,18.0,2,1,7511,4,4,2,0,4.0,1,51,2,2,1.0,2,2,0,0,0,0,2,395.3157894736842
0,3,12.0,4,3,1258,0,1,1,0,4.0,1,22,2,0,2.0,1,1,0,0,0,0,0,96.76923076923077
0,3,24.0,3,0,717,4,4,3,0,4.0,2,54,2,1,2.0,2,1,0,0,0,0,2,28.68
0,1,9.0,2,0,1549,4,1,2,0,2.0,0,35,2,1,1.0,0,1,0,0,0,0,1,154.9
0,3,24.0,4,7,1597,0,4,2,0,4.0,3,54,2,2,2.0,2,2,0,0,0,0,2,63.88
0,1,18.0,4,4,1795,0,4,1,2,4.0,0,48,0,0,2.0,1,1,0,0,0,0,2,94.47368421052632
0,0,20.0,4,3,4272,0,4,1,0,4.0,1,24,2,1,2.0,2,1,0,0,0,0,0,203.42857142857142
0,3,12.0,4,4,976,4,4,2,0,4.0,2,35,2,1,2.0,2,1,0,0,0,0,1,75.07692307692308
0,1,12.0,2,0,7472,4,0,1,0,2.0,0,24,2,0,1.0,0,1,0,0,0,0,0,574.7692307692307
1,0,36.0,2,0,9271,0,3,2,0,1.0,2,24,2,1,1.0,2,1,0,0,0,0,0,250.56756756756758
0,1,6.0,2,4,590,0,1,3,0,3.0,0,26,2,1,1.0,1,1,1,0,0,0,0,84.28571428571429
0,3,12.0,4,4,930,4,4,2,0,4.0,0,65,2,1,4.0,2,1,0,0,0,0,3,71.53846153846153
0,1,42.0,1,1,9283,0,0,2,0,2.0,3,55,0,2,1.0,3,1,0,0,0,0,2,215.88372093023256
1,1,15.0,0,0,1778,0,1,1,0,1.0,0,26,2,0,2.0,0,1,0,0,0,0,0,111.125
0,1,8.0,2,9,907,0,1,3,0,2.0,0,26,2,1,1.0,2,1,0,0,0,0,0,100.77777777777777
0,1,6.0,2,4,484,0,3,3,2,3.0,0,28,0,1,1.0,1,1,0,0,0,0,0,69.14285714285714
1,0,36.0,4,1,9629,0,3,2,0,4.0,2,24,2,1,2.0,2,1,0,0,0,0,0,260.2432432432432
1,0,48.0,2,5,3051,0,2,2,0,4.0,2,54,2,1,1.0,2,1,0,0,0,0,2,62.265306122448976
1,0,48.0,2,0,3931,0,3,2,0,4.0,3,46,2,2,1.0,2,2,0,0,0,0,2,80.22448979591837
0,1,36.0,3,0,7432,0,2,1,0,2.0,1,54,2,0,1.0,2,1,0,0,0,0,2,200.86486486486487
0,3,6.0,2,5,1338,2,2,0,0,4.0,0,62,2,1,1.0,2,1,0,0,0,0,3,191.14285714285714
0,3,6.0,4,4,1554,0,3,1,0,2.0,2,24,2,0,2.0,2,1,0,0,0,0,0,222.0
0,0,36.0,2,2,15857,0,0,0,1,3.0,2,43,2,1,1.0,3,1,0,0,0,0,1,428.56756756756755
1,0,18.0,2,4,1345,0,2,3,0,3.0,0,26,0,1,1.0,2,1,0,0,0,0,0,70.78947368421052
0,3,12.0,2,0,1101,0,2,3,0,2.0,0,27,2,1,2.0,2,1,0,0,0,0,0,84.6923076923077
0,2,12.0,2,4,3016,0,2,3,0,1.0,2,24,2,1,1.0,2,1,0,0,0,0,0,232.0
1,0,36.0,2,3,2712,0,4,2,0,2.0,1,41,0,1,1.0,2,2,0,0,0,0,1,73.29729729729729
0,0,8.0,4,0,731,0,4,2,0,4.0,0,47,2,1,2.0,1,1,0,0,0,0,2,81.22222222222223
0,3,18.0,4,3,3780,0,1,0,0,2.0,2,35,2,1,2.0,3,1,0,0,0,0,1,198.94736842105263
0,0,21.0,4,0,1602,0,4,3,0,3.0,2,30,2,1,2.0,2,1,0,0,0,0,0,72.81818181818181
1,0,18.0,4,0,3966,0,4,1,0,4.0,0,33,0,0,3.0,2,1,0,0,0,0,1,208.73684210526315
1,3,18.0,0,9,4165,0,2,2,0,2.0,2,36,1,1,2.0,2,2,0,0,0,0,1,219.21052631578948
1,0,36.0,2,1,8335,4,4,2,0,4.0,3,47,2,2,1.0,2,1,0,0,0,0,2,225.27027027027026
0,1,48.0,3,9,6681,4,2,2,0,4.0,3,38,2,2,1.0,2,2,0,0,0,0,1,136.3469387755102
0,3,24.0,3,9,2375,2,2,2,0,2.0,2,44,2,1,2.0,2,2,0,0,0,0,1,95.0
1,0,18.0,2,0,1216,0,1,1,0,3.0,2,23,2,0,1.0,2,1,0,0,0,0,0,64.0
1,0,45.0,0,9,11816,0,4,2,0,4.0,2,29,2,0,2.0,2,1,0,0,0,0,0,256.8695652173913
0,1,24.0,2,4,5084,4,4,1,0,4.0,2,42,2,1,1.0,2,1,0,0,0,0,1,203.36
1,2,15.0,2,4,2327,0,1,1,0,3.0,0,25,2,1,1.0,1,1,0,0,0,0,0,145.4375
1,0,12.0,0,0,1082,0,2,2,0,4.0,2,48,0,1,2.0,2,1,0,0,0,0,2,83.23076923076923
0,3,12.0,2,4,886,4,2,1,0,2.0,2,21,2,1,1.0,2,1,0,0,0,0,0,68.15384615384616
0,3,4.0,2,3,601,0,1,1,0,3.0,0,23,2,0,1.0,1,2,0,0,0,0,0,120.2
0,0,24.0,4,1,2957,0,4,2,0,4.0,1,63,2,1,2.0,2,1,0,0,0,0,3,118.28
0,3,24.0,4,4,2611,0,4,3,1,3.0,0,46,2,1,2.0,2,1,0,0,0,0,2,104.44
1,0,36.0,2,3,5179,0,3,2,0,2.0,1,29,2,1,1.0,2,1,0,0,0,0,0,139.97297297297297
0,3,21.0,3,1,2993,0,2,2,0,2.0,0,28,1,1,2.0,1,1,0,0,0,0,0,136.04545454545453
1,3,18.0,2,6,1943,0,1,1,0,4.0,0,23,2,1,1.0,2,1,0,0,0,0,0,102.26315789473684
0,3,24.0,1,9,1559,0,3,2,0,4.0,2,50,0,1,1.0,2,1,0,0,0,0,2,62.36
0,3,18.0,2,3,3422,0,4,2,0,4.0,1,47,0,1,3.0,2,2,0,0,0,0,2,180.10526315789474
0,1,21.0,2,3,3976,4,3,2,0,3.0,2,35,2,1,1.0,2,1,0,0,0,0,1,180.72727272727272
1,3,18.0,2,0,6761,4,2,2,0,4.0,2,68,2,0,2.0,2,1,0,0,0,0,3,355.8421052631579
0,3,24.0,2,0,1249,0,1,3,0,2.0,0,28,2,1,1.0,2,1,0,0,0,0,0,49.96
0,0,9.0,2,4,1364,0,3,2,0,4.0,0,59,2,1,1.0,2,1,0,0,0,0,2,136.4
1,0,12.0,2,4,709,0,4,2,0,4.0,0,57,1,1,1.0,1,1,0,0,0,0,2,54.53846153846154
1,0,20.0,4,0,2235,0,2,3,2,2.0,1,33,0,0,2.0,2,1,1,0,0,0,1,106.42857142857143
0,3,24.0,4,1,4042,4,3,2,0,4.0,1,43,2,1,2.0,2,1,0,0,0,0,1,161.68
0,3,15.0,4,4,1471,0,2,2,0,4.0,3,35,2,2,2.0,2,1,0,0,0,0,1,91.9375
1,0,18.0,1,0,1442,0,3,2,0,4.0,3,32,2,2,2.0,1,2,0,0,0,0,1,75.89473684210526
0,3,36.0,3,0,10875,0,4,2,0,2.0,2,45,2,1,2.0,2,2,0,0,0,0,1,293.9189189189189
0,3,24.0,2,0,1474,1,1,3,0,3.0,0,33,2,1,1.0,2,1,0,0,0,0,1,58.96
0,3,10.0,2,8,894,4,3,1,0,3.0,1,40,2,1,1.0,2,1,0,0,0,0,1,81.27272727272727
0,3,15.0,4,3,3343,0,2,2,0,2.0,3,28,2,2,1.0,2,1,0,0,0,0,0,208.9375
1,0,15.0,2,0,3959,5,2,1,0,2.0,1,29,2,1,1.0,2,1,0,0,0,0,0,247.4375
0,3,9.0,2,0,3577,5,2,2,2,2.0,0,26,2,0,1.0,2,2,1,0,0,0,0,357.7
0,3,24.0,4,1,5804,5,2,2,0,2.0,0,27,2,1,2.0,2,1,0,0,0,0,0,232.16
1,3,18.0,3,9,2169,5,2,3,0,2.0,2,28,2,1,1.0,2,1,0,0,0,0,0,114.15789473684211
1,0,24.0,2,4,2439,0,1,1,0,4.0,0,35,2,1,1.0,2,1,0,0,0,0,1,97.56
0,3,27.0,4,3,4526,3,1,2,0,2.0,0,32,1,1,2.0,1,2,0,0,0,0,1,161.64285714285714
1,3,10.0,2,3,2210,0,2,2,0,2.0,0,25,0,0,1.0,1,1,0,0,0,0,0,200.9090909090909
0,3,15.0,2,3,2221,2,2,1,0,4.0,2,20,2,0,1.0,2,1,0,0,0,0,0,138.8125
0,0,18.0,2,4,2389,0,1,1,0,1.0,2,27,1,1,1.0,2,1,0,0,0,0,0,125.73684210526316
0,3,12.0,4,3,3331,0,4,2,0,4.0,1,42,1,1,1.0,2,1,0,0,0,0,1,256.2307692307692
0,3,36.0,2,9,7409,4,4,2,0,2.0,1,37,2,1,2.0,2,1,0,0,0,0,1,200.24324324324326
0,0,12.0,2,3,652,0,4,1,0,4.0,1,24,2,0,1.0,2,1,0,0,0,0,0,50.15384615384615
0,3,36.0,3,3,7678,2,3,1,0,4.0,2,40,2,1,2.0,2,1,0,0,0,0,1,207.51351351351352
0,2,6.0,4,0,1343,0,4,2,0,4.0,0,46,2,1,2.0,2,2,1,0,0,0,2,191.85714285714286
0,0,24.0,4,9,1382,1,3,2,0,1.0,0,26,2,1,2.0,2,1,0,0,0,0,0,55.28
0,3,15.0,2,5,874,4,1,1,0,1.0,0,24,2,1,1.0,2,1,0,0,0,0,0,54.625
0,0,12.0,2,3,3590,0,2,2,1,2.0,1,29,2,1,1.0,1,2,0,0,0,0,0,276.15384615384613
0,1,11.0,4,0,1322,3,2,1,0,4.0,2,40,2,1,2.0,2,1,0,0,0,0,1,110.16666666666667
0,0,18.0,1,4,1940,0,1,2,1,4.0,3,36,0,2,1.0,3,1,0,0,0,0,1,102.10526315789474
0,3,36.0,2,4,3595,0,4,2,0,2.0,2,28,2,1,1.0,2,1,0,0,0,0,0,97.16216216216216
1,0,9.0,2,0,1422,0,1,2,0,2.0,3,27,2,2,1.0,3,1,0,0,0,0,0,142.2
0,3,30.0,4,4,6742,4,3,2,0,3.0,1,36,2,1,2.0,2,1,0,0,0,0,1,217.48387096774192
0,3,24.0,2,1,7814,0,3,2,0,3.0,2,38,2,1,1.0,3,1,0,0,0,0,1,312.56
0,3,24.0,2,1,9277,4,2,0,0,4.0,3,48,2,2,1.0,2,1,0,0,0,0,2,371.08
0,1,30.0,4,0,2181,4,4,2,0,4.0,0,36,2,1,2.0,2,1,0,0,0,0,1,70.35483870967742
0,3,18.0,4,4,1098,0,0,1,0,4.0,2,65,2,1,2.0,0,1,0,0,0,0,3,57.78947368421053
1,1,24.0,2,3,4057,0,3,0,0,3.0,2,43,2,1,1.0,2,1,0,0,0,0,1,162.28
1,0,12.0,2,7,795,0,1,1,0,4.0,1,53,2,1,1.0,2,1,0,0,0,0,2,61.15384615384615
0,1,24.0,4,9,2825,4,3,2,0,3.0,3,34,2,1,2.0,2,2,0,0,0,0,1,113.0
1,1,48.0,2,9,15672,0,2,2,0,2.0,2,23,2,1,1.0,2,1,0,0,0,0,0,319.83673469387753
0,3,36.0,4,0,6614,0,4,2,0,4.0,2,34,2,1,2.0,3,1,0,0,0,0,1,178.75675675675674
0,3,28.0,1,1,7824,4,1,2,2,4.0,0,40,0,0,2.0,2,2,0,0,0,0,1,269.7931034482759
0,0,27.0,4,9,2442,0,4,2,0,4.0,2,43,1,1,4.0,3,2,0,0,0,0,1,87.21428571428571
0,3,15.0,4,4,1829,0,4,2,0,4.0,2,46,2,1,2.0,2,1,0,0,0,0,2,114.3125
0,0,12.0,4,0,2171,0,2,2,0,4.0,1,38,0,1,2.0,1,1,1,0,0,0,1,167.0
0,1,36.0,4,1,5800,0,2,2,0,4.0,2,34,2,1,2.0,2,1,0,0,0,0,1,156.75675675675674
0,3,18.0,4,4,1169,4,2,2,0,3.0,1,29,2,1,2.0,2,1,0,0,0,0,0,61.526315789473685
0,3,36.0,3,1,8947,4,3,2,0,2.0,2,31,1,1,1.0,3,2,0,0,0,0,1,241.8108108108108
0,0,21.0,2,4,2606,0,1,1,0,4.0,1,28,2,0,1.0,3,1,0,0,0,0,0,118.45454545454545
0,3,12.0,4,3,1592,3,3,1,0,2.0,1,35,2,1,1.0,2,1,1,0,0,0,1,122.46153846153847
0,3,15.0,2,3,2186,4,3,1,0,4.0,0,33,0,0,1.0,1,1,0,0,0,0,1,136.625
1,0,18.0,2,3,4153,0,2,2,1,3.0,2,42,2,1,1.0,2,1,0,0,0,0,1,218.57894736842104
1,0,16.0,4,0,2625,0,4,2,2,4.0,1,43,0,0,1.0,2,1,0,0,0,0,1,154.41176470588235
0,3,20.0,4,0,3485,4,1,0,0,4.0,0,44,2,1,2.0,2,1,0,0,0,0,1,165.95238095238096
0,3,36.0,4,1,10477,4,4,2,0,4.0,3,42,2,2,2.0,2,1,0,0,0,0,1,283.1621621621622
0,3,15.0,2,4,1386,4,2,3,0,2.0,0,40,2,0,1.0,2,1,0,0,0,0,1,86.625
0,3,24.0,2,4,1278,0,4,2,0,1.0,0,36,2,1,1.0,3,1,0,0,0,0,1,51.12
0,0,12.0,2,4,1107,0,2,2,0,2.0,0,20,2,0,1.0,3,2,0,0,0,0,0,85.15384615384616
0,0,21.0,2,0,3763,4,3,2,1,2.0,0,24,2,1,1.0,1,1,1,0,0,0,0,171.04545454545453
0,1,36.0,2,7,3711,4,2,3,0,2.0,2,27,2,1,1.0,2,1,0,0,0,0,0,100.29729729729729
0,3,15.0,3,1,3594,0,1,1,0,2.0,1,46,2,1,2.0,1,1,0,0,0,0,2,224.625
0,1,9.0,2,0,3195,4,2,1,0,2.0,0,33,2,1,1.0,1,1,0,0,0,0,1,319.5
0,3,18.0,3,4,4454,0,2,1,0,4.0,0,34,2,1,2.0,2,1,0,1,0,0,1,234.42105263157896
1,1,18.0,4,3,4736,0,1,1,0,4.0,2,25,0,1,1.0,1,1,0,1,0,0,0,249.26315789473685
0,1,18.0,2,4,2991,4,4,1,0,4.0,2,25,2,1,1.0,2,1,0,1,0,0,0,157.42105263157896
0,3,11.0,2,9,2142,3,4,0,0,2.0,0,28,2,1,1.0,2,1,0,0,0,0,0,178.5
1,0,24.0,1,9,3161,0,2,2,0,2.0,1,31,2,0,1.0,2,1,0,0,0,0,1,126.44
1,1,48.0,0,2,18424,0,2,1,0,2.0,1,32,0,1,1.0,3,1,1,0,0,0,1,376.0
0,3,10.0,2,1,2848,1,2,2,1,2.0,0,32,2,1,1.0,2,2,0,0,0,0,1,258.90909090909093
1,0,6.0,2,0,14896,0,4,2,0,4.0,3,68,0,1,1.0,3,1,0,0,0,0,3,2128.0
1,0,24.0,2,3,2359,1,0,0,0,1.0,1,33,2,1,1.0,2,1,0,0,0,0,1,94.36
1,0,24.0,2,3,3345,0,4,2,0,2.0,1,39,2,0,1.0,3,1,0,0,0,0,1,133.8
0,3,18.0,4,3,1817,0,2,1,0,2.0,3,28,2,1,2.0,2,1,0,0,0,0,0,95.63157894736842
0,3,48.0,3,4,12749,2,3,2,0,1.0,2,37,2,1,1.0,3,1,0,0,0,0,1,260.18367346938777
1,0,9.0,2,4,1366,0,1,1,0,4.0,1,22,2,0,1.0,2,1,0,0,0,0,0,136.6
0,1,12.0,2,0,2002,0,3,2,0,4.0,1,30,2,0,1.0,2,2,0,0,0,0,0,154.0
1,0,24.0,1,3,6872,0,1,0,0,1.0,1,55,0,1,1.0,2,1,0,0,0,0,2,274.88
1,0,12.0,1,0,697,0,1,2,0,2.0,2,46,0,1,2.0,2,1,0,0,0,0,2,53.61538461538461
0,0,18.0,4,3,1049,0,1,1,0,4.0,1,21,2,0,1.0,2,1,0,0,0,0,0,55.21052631578947
1,0,48.0,2,1,10297,0,3,2,0,4.0,3,39,1,2,3.0,2,2,0,0,0,0,1,210.14285714285714
0,3,30.0,2,4,1867,4,4,2,0,4.0,2,58,2,1,1.0,2,1,0,0,0,0,2,60.225806451612904
0,0,12.0,3,0,1344,0,2,2,0,2.0,0,43,2,1,2.0,1,2,0,0,0,0,1,103.38461538461539
0,0,24.0,2,3,1747,0,1,2,1,1.0,1,24,2,1,1.0,1,1,1,0,0,0,0,69.88
1,1,9.0,2,4,1670,0,1,1,0,2.0,2,22,2,1,1.0,2,1,0,0,0,0,0,167.0
0,3,9.0,4,0,1224,0,2,2,0,1.0,0,30,2,1,2.0,2,1,0,0,0,0,0,122.4
0,3,12.0,4,4,522,2,4,2,0,4.0,1,42,2,1,2.0,2,2,0,0,0,0,1,40.15384615384615
0,0,12.0,2,4,1498,0,2,1,0,1.0,2,23,0,1,1.0,2,1,0,0,0,0,0,115.23076923076923
1,1,30.0,3,4,1919,1,1,2,0,3.0,3,30,1,1,2.0,3,1,0,0,0,0,0,61.903225806451616
1,2,9.0,2,4,745,0,2,1,0,2.0,0,28,2,1,1.0,1,1,0,0,0,0,0,74.5
0,1,6.0,2,4,2063,0,1,3,0,3.0,2,30,2,0,1.0,3,1,0,0,0,0,0,294.7142857142857
1,1,60.0,2,7,6288,0,2,2,0,4.0,3,42,2,2,1.0,2,1,0,0,0,0,1,103.08196721311475
0,3,24.0,4,1,6842,4,2,2,0,4.0,1,46,2,1,2.0,3,2,0,0,0,0,2,273.68
0,3,12.0,2,0,3527,4,1,2,0,3.0,1,45,2,1,1.0,3,2,0,0,0,0,1,271.3076923076923
0,3,10.0,2,0,1546,0,2,2,0,2.0,0,31,2,1,1.0,1,2,1,0,0,0,1,140.54545454545453
0,3,24.0,2,3,929,4,3,2,0,2.0,2,31,1,1,1.0,2,1,0,0,0,0,1,37.16
0,3,4.0,4,0,1455,0,3,2,0,1.0,0,42,2,1,3.0,1,2,0,0,0,0,1,291.0
0,0,15.0,2,3,1845,0,1,1,2,1.0,1,46,2,0,1.0,2,1,0,0,0,0,2,115.3125
0,1,48.0,0,0,8358,2,1,1,0,1.0,2,30,2,1,2.0,2,1,0,0,0,0,0,170.57142857142858
1,0,24.0,1,3,3349,2,1,2,0,4.0,3,30,2,2,1.0,2,2,0,0,0,0,0,133.96
0,3,12.0,2,0,2859,4,0,2,0,4.0,3,38,2,1,1.0,3,1,0,0,0,0,1,219.92307692307693
1,3,18.0,2,3,1533,0,1,3,1,1.0,1,43,2,1,1.0,1,2,0,0,0,0,1,80.6842105263158
1,3,24.0,2,4,3621,1,4,2,0,4.0,2,31,2,1,2.0,2,1,0,0,0,0,1,144.84
0,1,18.0,4,9,3590,0,0,3,0,3.0,2,40,2,1,3.0,0,2,0,0,0,0,1,188.94736842105263
1,0,36.0,3,9,2145,5,3,2,0,1.0,2,24,2,1,2.0,2,1,0,0,0,0,0,57.972972972972975
1,1,24.0,2,1,4113,5,1,1,0,4.0,2,28,2,0,1.0,2,1,0,0,0,0,0,164.52
1,3,36.0,2,3,10974,5,0,1,0,2.0,2,26,2,1,2.0,3,1,0,0,0,0,0,296.5945945945946
0,0,12.0,2,0,1893,5,2,1,2,4.0,1,29,2,1,1.0,2,1,0,0,0,0,0,145.6153846153846
0,0,24.0,4,4,1231,3,4,1,0,4.0,1,57,2,0,2.0,3,1,0,0,0,0,2,49.24
0,2,30.0,4,4,3656,4,4,2,0,4.0,1,49,1,1,2.0,1,1,0,0,0,0,2,117.93548387096774
0,1,9.0,4,4,1154,0,4,2,0,4.0,0,37,2,1,3.0,1,1,0,0,0,0,1,115.4
1,0,28.0,2,0,4006,0,2,2,0,2.0,2,45,2,1,1.0,1,1,0,0,0,0,1,138.13793103448276
0,1,24.0,2,3,3069,1,4,2,0,4.0,3,30,2,2,1.0,2,1,0,0,0,0,0,122.76
0,3,6.0,4,4,1740,0,4,3,0,2.0,0,30,2,0,2.0,2,1,0,0,0,0,0,248.57142857142858
0,1,21.0,3,0,2353,0,2,0,0,4.0,1,47,2,1,2.0,2,1,0,0,0,0,2,106.95454545454545
0,3,15.0,2,0,3556,4,2,2,0,2.0,3,29,2,1,1.0,2,1,0,0,0,0,0,222.25
1,3,24.0,2,4,2397,2,4,2,0,2.0,2,35,0,1,2.0,2,1,0,0,0,0,1,95.88
0,1,6.0,2,6,454,0,1,3,0,1.0,1,22,2,1,1.0,1,1,0,0,0,0,0,64.85714285714286
0,1,30.0,2,4,1715,4,2,1,0,1.0,2,26,2,1,1.0,2,1,0,0,0,0,0,55.32258064516129
1,1,27.0,4,4,2520,2,2,2,0,2.0,1,23,2,1,2.0,1,1,0,0,0,0,0,90.0
0,3,15.0,2,4,3568,0,4,1,0,2.0,2,54,0,0,1.0,3,1,0,0,0,0,2,223.0
0,3,42.0,2,4,7166,4,3,3,0,4.0,1,29,2,0,1.0,2,1,0,0,0,0,0,166.65116279069767
0,0,11.0,4,0,3939,0,2,2,0,2.0,0,40,2,1,2.0,1,2,0,0,0,0,1,328.25
0,1,15.0,2,6,1514,1,2,2,2,2.0,0,22,2,1,1.0,2,1,0,0,0,0,0,94.625
0,3,24.0,2,0,7393,0,2,2,0,4.0,1,43,2,1,1.0,1,2,0,0,0,0,1,295.72
1,0,24.0,1,0,1193,0,0,1,1,4.0,3,29,2,0,2.0,0,1,0,0,0,0,0,47.72
1,0,60.0,2,9,7297,0,4,2,1,4.0,3,36,2,0,1.0,2,1,0,0,0,0,1,119.62295081967213
0,3,30.0,4,4,2831,0,2,1,0,2.0,2,33,2,1,1.0,2,1,0,0,0,0,1,91.3225806451613
0,2,24.0,2,4,1258,2,2,1,0,3.0,2,57,2,1,1.0,1,1,0,0,0,0,2,50.32
0,1,6.0,2,4,753,0,2,1,2,3.0,0,64,2,1,1.0,2,1,0,0,0,0,3,107.57142857142857
0,1,18.0,3,9,2427,4,4,2,0,2.0,1,42,2,1,2.0,2,1,0,0,0,0,1,127.73684210526316
1,3,24.0,3,0,2538,0,4,2,0,4.0,2,47,2,1,2.0,1,2,0,0,0,0,2,101.52
1,1,15.0,1,0,1264,1,2,3,0,2.0,1,25,2,0,1.0,2,1,0,0,0,0,0,79.0
1,1,30.0,4,3,8386,0,3,2,0,2.0,1,49,2,1,1.0,2,1,0,0,0,0,2,270.51612903225805
1,3,48.0,2,9,4844,0,0,2,0,2.0,2,33,0,0,1.0,3,1,2,0,0,0,1,98.85714285714286
0,2,21.0,2,0,2923,1,2,1,0,1.0,2,28,0,1,1.0,3,1,0,0,0,0,0,132.86363636363637
1,0,36.0,2,1,8229,0,2,2,0,2.0,1,26,2,1,1.0,4,2,0,0,0,0,0,222.40540540540542
0,3,24.0,4,3,2028,5,3,2,0,2.0,1,30,2,1,2.0,1,1,0,0,0,0,0,81.12
0,0,15.0,4,3,1433,0,2,1,0,3.0,1,25,2,0,2.0,2,1,0,0,0,0,0,89.5625
0,2,42.0,0,9,6289,0,1,0,0,1.0,1,33,2,1,2.0,2,1,0,0,0,0,1,146.25581395348837
0,3,18.0,2,4,1409,1,0,1,0,4.0,0,64,2,1,1.0,2,1,0,1,0,0,3,74.15789473684211
0,0,24.0,2,1,6579,0,0,2,0,2.0,3,29,2,2,1.0,3,1,0,0,0,0,0,263.16
0,1,24.0,4,4,1743,0,4,2,0,3.0,1,48,2,1,2.0,1,1,0,0,1,0,2,69.72
0,3,12.0,4,7,3565,4,1,2,0,1.0,1,37,2,1,2.0,1,2,0,0,0,0,1,274.2307692307692
0,3,15.0,1,4,1569,1,4,2,0,4.0,2,34,0,1,1.0,1,2,0,0,0,0,1,98.0625
0,0,18.0,2,4,1936,4,3,3,0,4.0,2,23,2,0,2.0,1,1,0,0,0,0,0,101.89473684210526
0,0,36.0,2,3,3959,0,0,2,0,3.0,1,30,2,1,1.0,3,1,0,0,0,0,0,107.0
0,3,12.0,2,0,2390,4,4,2,0,3.0,2,50,2,1,1.0,2,1,0,0,0,0,2,183.84615384615384
0,3,12.0,2,3,1736,0,3,1,0,4.0,0,31,2,1,1.0,1,1,0,0,0,0,1,133.53846153846155
0,0,30.0,2,1,3857,0,2,0,0,4.0,1,40,2,1,1.0,3,1,0,0,0,0,1,124.41935483870968
0,3,12.0,2,4,804,0,4,2,0,4.0,2,38,2,1,1.0,2,1,0,0,0,1,1,61.84615384615385
1,0,45.0,2,4,1845,0,2,2,0,4.0,3,23,2,2,1.0,2,1,0,0,0,1,0,40.108695652173914
0,1,45.0,4,1,4576,1,0,2,0,4.0,2,27,2,1,1.0,2,1,0,0,0,1,0,99.47826086956522
